Category,Drift_Level,Prompt_ID,Base_Prompt_Num,Variant_Num,Prompt_CosSim,Prompt_Group_Mean,Prompt_Overall_Drift_Mean,Mistral-7B-Instruct-v0.2_4bit_Resp_CosSim,Mistral-7B-Instruct-v0.2_4bit_Resp_Group_Mean,Mistral-7B-Instruct-v0.2_4bit_Resp_Overall_Drift_Mean,Mistral-7B-Instruct-v0.2_8bit_Resp_CosSim,Mistral-7B-Instruct-v0.2_8bit_Resp_Group_Mean,Mistral-7B-Instruct-v0.2_8bit_Resp_Overall_Drift_Mean,Mistral-7B-Instruct-v0.2_fp16_Resp_CosSim,Mistral-7B-Instruct-v0.2_fp16_Resp_Group_Mean,Mistral-7B-Instruct-v0.2_fp16_Resp_Overall_Drift_Mean,Meta-Llama-3-8B-Instruct_4bit_Resp_CosSim,Meta-Llama-3-8B-Instruct_4bit_Resp_Group_Mean,Meta-Llama-3-8B-Instruct_4bit_Resp_Overall_Drift_Mean,Meta-Llama-3-8B-Instruct_8bit_Resp_CosSim,Meta-Llama-3-8B-Instruct_8bit_Resp_Group_Mean,Meta-Llama-3-8B-Instruct_8bit_Resp_Overall_Drift_Mean,Meta-Llama-3-8B-Instruct_fp16_Resp_CosSim,Meta-Llama-3-8B-Instruct_fp16_Resp_Group_Mean,Meta-Llama-3-8B-Instruct_fp16_Resp_Overall_Drift_Mean,Phi-3-mini-4k-instruct_4bit_Resp_CosSim,Phi-3-mini-4k-instruct_4bit_Resp_Group_Mean,Phi-3-mini-4k-instruct_4bit_Resp_Overall_Drift_Mean,Phi-3-mini-4k-instruct_8bit_Resp_CosSim,Phi-3-mini-4k-instruct_8bit_Resp_Group_Mean,Phi-3-mini-4k-instruct_8bit_Resp_Overall_Drift_Mean,Phi-3-mini-4k-instruct_fp16_Resp_CosSim,Phi-3-mini-4k-instruct_fp16_Resp_Group_Mean,Phi-3-mini-4k-instruct_fp16_Resp_Overall_Drift_Mean,
qna,1,qna_L1_v1,1,1,99.29,98.11,96.27,96.54,94.96,93.54,96.59,95.12,93.07,98.12,97.31,94.37,93.98,94.59,94.2,95.86,95.26,93.12,96.31,95.84,97.08,86.11,86.06,84.39,80.37,73.5,85.2,90.87,87.27,88.79,
qna,1,qna_L1_v2,1,2,95.9,98.11,96.27,94.56,94.96,93.54,94.83,95.12,93.07,98.56,97.31,94.37,94.34,94.59,94.2,92.81,95.26,93.12,94.44,95.84,97.08,84.02,86.06,84.39,68.19,73.5,85.2,86.29,87.27,88.79,
qna,1,qna_L1_v3,1,3,99.15,98.11,96.27,93.77,94.96,93.54,93.93,95.12,93.07,95.24,97.31,94.37,95.46,94.59,94.2,97.12,95.26,93.12,96.77,95.84,97.08,88.06,86.06,84.39,71.95,73.5,85.2,84.64,87.27,88.79,
qna,1,qna_L1_v1,2,1,100,100,96.27,97.98,97.02,93.54,97.55,97.43,93.07,97.44,97.05,94.37,93.7,94.47,94.2,95.27,94.78,93.12,100,100,97.08,86.81,85.98,84.39,87.48,87.52,85.2,100,100,88.79,
qna,1,qna_L1_v2,2,2,100,100,96.27,95.94,97.02,93.54,97.37,97.43,93.07,96.86,97.05,94.37,93.4,94.47,94.2,94.5,94.78,93.12,100,100,97.08,86.63,85.98,84.39,88.46,87.52,85.2,100,100,88.79,
qna,1,qna_L1_v3,2,3,100,100,96.27,97.15,97.02,93.54,97.36,97.43,93.07,96.84,97.05,94.37,96.31,94.47,94.2,94.57,94.78,93.12,100,100,97.08,84.5,85.98,84.39,86.63,87.52,85.2,100,100,88.79,
qna,1,qna_L1_v1,3,1,91.18,95.43,96.27,93.09,93.91,93.54,90.46,92.75,93.07,96.06,94.63,94.37,95.85,95.52,94.2,92.59,93.24,93.12,97.06,98.84,97.08,83.58,84.61,84.39,89.62,91.15,85.2,92.31,91.33,88.79,
qna,1,qna_L1_v2,3,2,98.33,95.43,96.27,93.06,93.91,93.54,93.15,92.75,93.07,93.62,94.63,94.37,94.09,95.52,94.2,94.61,93.24,93.12,99.73,98.84,97.08,83.22,84.61,84.39,89.81,91.15,85.2,89.93,91.33,88.79,
qna,1,qna_L1_v3,3,3,96.77,95.43,96.27,95.59,93.91,93.54,94.63,92.75,93.07,94.22,94.63,94.37,96.61,95.52,94.2,92.51,93.24,93.12,99.73,98.84,97.08,87.04,84.61,84.39,94.02,91.15,85.2,91.76,91.33,88.79,
qna,1,qna_L1_v1,4,1,98.97,99.66,96.27,95.74,95.21,93.54,94.72,95.59,93.07,96.13,96.13,94.37,95.74,95.96,94.2,96.32,93.05,93.12,98.37,99.46,97.08,85.22,87.04,84.39,86.93,86.55,85.2,91.23,97.08,88.79,
qna,1,qna_L1_v2,4,2,100,99.66,96.27,95.33,95.21,93.54,96.28,95.59,93.07,96.19,96.13,94.37,96.34,95.96,94.2,89.77,93.05,93.12,100,99.46,97.08,88.25,87.04,84.39,85.85,86.55,85.2,100,97.08,88.79,
qna,1,qna_L1_v3,4,3,100,99.66,96.27,94.57,95.21,93.54,95.77,95.59,93.07,96.08,96.13,94.37,95.81,95.96,94.2,93.07,93.05,93.12,100,99.46,97.08,87.64,87.04,84.39,86.87,86.55,85.2,100,97.08,88.79,
qna,1,qna_L1_v1,5,1,98.55,96.25,96.27,96.71,96.5,93.54,92.13,93.62,93.07,94.3,93.74,94.37,97.99,97.13,94.2,95.7,96.25,93.12,99.85,99.39,97.08,93.45,90.17,84.39,87.35,89.75,85.2,80.58,84.32,88.79,
qna,1,qna_L1_v2,5,2,99.17,96.25,96.27,97.51,96.5,93.54,97.01,93.62,93.07,93.99,93.74,94.37,95.72,97.13,94.2,95.73,96.25,93.12,99.28,99.39,97.08,89.39,90.17,84.39,93.06,89.75,85.2,85.26,84.32,88.79,
qna,1,qna_L1_v3,5,3,91.03,96.25,96.27,95.28,96.5,93.54,91.71,93.62,93.07,92.93,93.74,94.37,97.68,97.13,94.2,97.32,96.25,93.12,99.04,99.39,97.08,87.68,90.17,84.39,88.85,89.75,85.2,87.11,84.32,88.79,
qna,1,qna_L1_v1,6,1,91.86,94.11,96.27,83.49,90.24,93.54,92.95,91.45,93.07,89.36,93.41,94.37,88.5,91.83,94.2,84.6,91.86,93.12,96.18,96.69,97.08,77.75,82.9,84.39,77.11,83.48,85.2,83.75,90.27,88.79,
qna,1,qna_L1_v2,6,2,100,94.11,96.27,95.9,90.24,93.54,90.4,91.45,93.07,95.47,93.41,94.37,94.79,91.83,94.2,96.19,91.86,93.12,100,96.69,97.08,87.29,82.9,84.39,91.33,83.48,85.2,100,90.27,88.79,
qna,1,qna_L1_v3,6,3,90.46,94.11,96.27,91.34,90.24,93.54,91.01,91.45,93.07,95.4,93.41,94.37,92.21,91.83,94.2,94.79,91.86,93.12,93.9,96.69,97.08,83.66,82.9,84.39,82,83.48,85.2,87.05,90.27,88.79,
qna,1,qna_L1_v1,7,1,100,97.34,96.27,91.38,88.81,93.54,93.28,88.05,93.07,94.89,93.13,94.37,91.89,93.79,94.2,89.43,90.47,93.12,100,98.4,97.08,91,85.41,84.39,88.43,88.69,85.2,100,85.5,88.79,
qna,1,qna_L1_v2,7,2,95.74,97.34,96.27,92.45,88.81,93.54,90.76,88.05,93.07,93.36,93.13,94.37,95.19,93.79,94.2,92.39,90.47,93.12,95.94,98.4,97.08,78.24,85.41,84.39,87.91,88.69,85.2,78.3,85.5,88.79,
qna,1,qna_L1_v3,7,3,96.29,97.34,96.27,82.6,88.81,93.54,80.12,88.05,93.07,91.15,93.13,94.37,94.3,93.79,94.2,89.6,90.47,93.12,99.26,98.4,97.08,87,85.41,84.39,89.74,88.69,85.2,78.2,85.5,88.79,
qna,1,qna_L1_v1,8,1,100,93.13,96.27,96.66,91.73,93.54,94.27,89.38,93.07,96.8,92.6,94.37,95.03,93.52,94.2,87.63,89.01,93.12,100,91.83,97.08,76.57,75.28,84.39,91.64,84.93,85.2,100,79.76,88.79,
qna,1,qna_L1_v2,8,2,92.11,93.13,96.27,89.43,91.73,93.54,89.42,89.38,93.07,91.31,92.6,94.37,93.55,93.52,94.2,93.32,89.01,93.12,89.84,91.83,97.08,76.93,75.28,84.39,81.87,84.93,85.2,67.13,79.76,88.79,
qna,1,qna_L1_v3,8,3,87.29,93.13,96.27,89.09,91.73,93.54,84.46,89.38,93.07,89.68,92.6,94.37,91.97,93.52,94.2,86.09,89.01,93.12,85.65,91.83,97.08,72.34,75.28,84.39,81.27,84.93,85.2,72.16,79.76,88.79,
qna,1,qna_L1_v1,9,1,99.48,98.25,96.27,93.39,94.77,93.54,98.44,95.77,93.07,98.11,96.33,94.37,96.51,95.88,94.2,97.52,96.94,93.12,97.21,97.96,97.08,83.82,86.77,84.39,84.56,84.19,85.2,82.34,88.98,88.79,
qna,1,qna_L1_v2,9,2,95.26,98.25,96.27,95.46,94.77,93.54,95.26,95.77,93.07,94.32,96.33,94.37,95.02,95.88,94.2,96.42,96.94,93.12,96.66,97.96,97.08,88.34,86.77,84.39,82.94,84.19,85.2,84.61,88.98,88.79,
qna,1,qna_L1_v3,9,3,100,98.25,96.27,95.45,94.77,93.54,93.6,95.77,93.07,96.56,96.33,94.37,96.1,95.88,94.2,96.87,96.94,93.12,100,97.96,97.08,88.14,86.77,84.39,85.06,84.19,85.2,100,88.98,88.79,
qna,1,qna_L1_v1,10,1,89.76,90.39,96.27,92.79,92.25,93.54,93.84,91.57,93.07,89.11,89.38,94.37,91.77,89.32,94.2,89.29,90.28,93.12,91.33,92.39,97.08,85.43,79.68,84.39,83.68,82.26,85.2,91.9,83.42,88.79,
qna,1,qna_L1_v2,10,2,97.6,90.39,96.27,89.8,92.25,93.54,96.64,91.57,93.07,87.81,89.38,94.37,87.1,89.32,94.2,91.16,90.28,93.12,94.78,92.39,97.08,81.73,79.68,84.39,83.97,82.26,85.2,80.83,83.42,88.79,
qna,1,qna_L1_v3,10,3,83.8,90.39,96.27,94.15,92.25,93.54,84.23,91.57,93.07,91.23,89.38,94.37,89.1,89.32,94.2,90.39,90.28,93.12,91.05,92.39,97.08,71.89,79.68,84.39,79.14,82.26,85.2,77.53,83.42,88.79,
qna,2,qna_L2_v1,1,1,95.48,97.42,95.14,94.52,94.93,91.88,98,95,90.2,96.23,96.13,91.47,91.65,93.38,94.22,91.6,93.37,93.36,94.46,95.31,94.83,85.58,86.37,84.47,73.66,73.59,83.96,91.75,89.99,84.97,
qna,2,qna_L2_v2,1,2,98.17,97.42,95.14,94.91,94.93,91.88,93.42,95,90.2,95.29,96.13,91.47,92.78,93.38,94.22,95,93.37,93.36,95.29,95.31,94.83,90.71,86.37,84.47,73.9,73.59,83.96,88.02,89.99,84.97,
qna,2,qna_L2_v3,1,3,98.62,97.42,95.14,95.36,94.93,91.88,93.58,95,90.2,96.87,96.13,91.47,95.7,93.38,94.22,93.5,93.37,93.36,96.18,95.31,94.83,82.83,86.37,84.47,73.21,73.59,83.96,90.21,89.99,84.97,
qna,2,qna_L2_v1,2,1,94.61,92.72,95.14,96.87,92.96,91.88,95.32,89.8,90.2,95.46,87.82,91.47,92.62,94.59,94.22,93.6,90.97,93.36,92.05,90.8,94.83,79.12,81.52,84.47,82.93,78.02,83.96,82.87,83.32,84.97,
qna,2,qna_L2_v2,2,2,83.83,92.72,95.14,84.06,92.96,91.88,77.56,89.8,90.2,70.67,87.82,91.47,94.12,94.59,94.22,86.38,90.97,93.36,87.71,90.8,94.83,79.23,81.52,84.47,67.68,78.02,83.96,74.99,83.32,84.97,
qna,2,qna_L2_v3,2,3,99.73,92.72,95.14,97.96,92.96,91.88,96.52,89.8,90.2,97.34,87.82,91.47,97.02,94.59,94.22,92.92,90.97,93.36,92.65,90.8,94.83,86.22,81.52,84.47,83.46,78.02,83.96,92.09,83.32,84.97,
qna,2,qna_L2_v1,3,1,99.74,95.82,95.14,93.31,91.81,91.88,95.27,91.27,90.2,95.43,90.6,91.47,96.98,95.93,94.22,93.65,93.91,93.36,95.8,96.92,94.83,91.14,86.19,84.47,94.78,90.59,83.96,89.82,87.3,84.97,
qna,2,qna_L2_v2,3,2,99.74,95.82,95.14,92.78,91.81,91.88,92.85,91.27,90.2,92.99,90.6,91.47,95.06,95.93,94.22,94.35,93.91,93.36,95.8,96.92,94.83,84.79,86.19,84.47,92.23,90.59,83.96,89.82,87.3,84.97,
qna,2,qna_L2_v3,3,3,87.97,95.82,95.14,89.35,91.81,91.88,85.68,91.27,90.2,83.38,90.6,91.47,95.76,95.93,94.22,93.73,93.91,93.36,99.15,96.92,94.83,82.64,86.19,84.47,84.76,90.59,83.96,82.27,87.3,84.97,
qna,2,qna_L2_v1,4,1,96.9,97.22,95.14,95.31,94.66,91.88,96.17,95.73,90.2,95.44,95.36,91.47,94.9,92.88,94.22,94.75,95.45,93.36,97.91,94.76,94.83,78.63,83.76,84.47,84.83,83.99,83.96,89.25,89.19,84.97,
qna,2,qna_L2_v2,4,2,98.49,97.22,95.14,93.93,94.66,91.88,95.49,95.73,90.2,94.69,95.36,91.47,87.94,92.88,94.22,96.56,95.45,93.36,95.24,94.76,94.83,87.58,83.76,84.47,87.46,83.99,83.96,84.62,89.19,84.97,
qna,2,qna_L2_v3,4,3,96.28,97.22,95.14,94.75,94.66,91.88,95.52,95.73,90.2,95.95,95.36,91.47,95.81,92.88,94.22,95.03,95.45,93.36,91.14,94.76,94.83,85.06,83.76,84.47,79.67,83.99,83.96,93.69,89.19,84.97,
qna,2,qna_L2_v1,5,1,99.18,94.72,95.14,94.53,95.38,91.88,93.5,91.51,90.2,93.65,93.99,91.47,97.9,98.1,94.22,98.16,96.84,93.36,99.18,98.98,94.83,87.51,88,84.47,91.18,89.26,83.96,88.36,86.74,84.97,
qna,2,qna_L2_v2,5,2,97.09,94.72,95.14,96.71,95.38,91.88,88.05,91.51,90.2,95.5,93.99,91.47,98.5,98.1,94.22,95.68,96.84,93.36,99.46,98.98,94.83,83.91,88,84.47,90.37,89.26,83.96,81.03,86.74,84.97,
qna,2,qna_L2_v3,5,3,87.9,94.72,95.14,94.89,95.38,91.88,92.97,91.51,90.2,92.82,93.99,91.47,97.91,98.1,94.22,96.67,96.84,93.36,98.29,98.98,94.83,92.59,88,84.47,86.22,89.26,83.96,90.84,86.74,84.97,
qna,2,qna_L2_v1,6,1,99.18,95.2,95.14,91.41,91.69,91.88,91.35,88.24,90.2,96.81,95.15,91.47,96.86,95.42,94.22,92.85,92.73,93.36,95.8,96.03,94.83,85.49,87.4,84.47,89.36,85.81,83.96,96.05,89.52,84.97,
qna,2,qna_L2_v2,6,2,90.22,95.2,95.14,92.98,91.69,91.88,87.8,88.24,90.2,94.41,95.15,91.47,93.07,95.42,94.22,90.5,92.73,93.36,95.81,96.03,94.83,87.36,87.4,84.47,84.29,85.81,83.96,82,89.52,84.97,
qna,2,qna_L2_v3,6,3,96.21,95.2,95.14,90.67,91.69,91.88,85.57,88.24,90.2,94.23,95.15,91.47,96.34,95.42,94.22,94.84,92.73,93.36,96.48,96.03,94.83,89.36,87.4,84.47,83.78,85.81,83.96,90.51,89.52,84.97,
qna,2,qna_L2_v1,7,1,99.52,97.63,95.14,93.62,92.78,91.88,92.76,88.85,90.2,90.73,92.8,91.47,91.72,93.66,94.22,89.92,90.66,93.36,90.51,93.37,94.83,89.91,90.09,84.47,88.1,88.51,83.96,79.29,79.75,84.97,
qna,2,qna_L2_v2,7,2,93.37,97.63,95.14,91.79,92.78,91.88,85.74,88.85,90.2,94,92.8,91.47,93.94,93.66,94.22,91.19,90.66,93.36,92.52,93.37,94.83,87.94,90.09,84.47,89.99,88.51,83.96,80.21,79.75,84.97,
qna,2,qna_L2_v3,7,3,100,97.63,95.14,92.94,92.78,91.88,88.05,88.85,90.2,93.68,92.8,91.47,95.31,93.66,94.22,90.86,90.66,93.36,97.09,93.37,94.83,92.43,90.09,84.47,87.44,88.51,83.96,79.76,79.75,84.97,
qna,2,qna_L2_v1,8,1,90.46,92.95,95.14,94.97,91.74,91.88,95.37,96.2,90.2,96.39,95.66,91.47,92.34,92.66,94.22,89.58,92.84,93.36,87.51,92.07,94.83,80.02,80.4,84.47,85.46,86.77,83.96,79.27,81.69,84.97,
qna,2,qna_L2_v2,8,2,99.65,92.95,95.14,94.3,91.74,91.88,96.42,96.2,90.2,95.91,95.66,91.47,92.26,92.66,94.22,97.2,92.84,93.36,99.31,92.07,94.83,81.88,80.4,84.47,87.51,86.77,83.96,86.82,81.69,84.97,
qna,2,qna_L2_v3,8,3,88.73,92.95,95.14,85.94,91.74,91.88,96.8,96.2,90.2,94.67,95.66,91.47,93.38,92.66,94.22,91.73,92.84,93.36,89.39,92.07,94.83,79.3,80.4,84.47,87.33,86.77,83.96,78.99,81.69,84.97,
qna,2,qna_L2_v1,9,1,93.46,97.51,95.14,86.67,86.23,91.88,84.47,85.58,90.2,86.33,87.21,91.47,95.33,94.98,94.22,95.53,96.28,93.36,97.46,96.88,94.83,85.15,82.5,84.47,83.46,82.67,83.96,80.24,82.51,84.97,
qna,2,qna_L2_v2,9,2,99.54,97.51,95.14,86.23,86.23,91.88,84.7,85.58,90.2,88.11,87.21,91.47,96.14,94.98,94.22,97.15,96.28,93.36,96.59,96.88,94.83,87.06,82.5,84.47,80.62,82.67,83.96,83.64,82.51,84.97,
qna,2,qna_L2_v3,9,3,99.54,97.51,95.14,85.78,86.23,91.88,87.57,85.58,90.2,87.19,87.21,91.47,93.46,94.98,94.22,96.15,96.28,93.36,96.59,96.88,94.83,75.3,82.5,84.47,83.93,82.67,83.96,83.64,82.51,84.97,
qna,2,qna_L2_v1,10,1,80.59,90.21,95.14,84.73,86.57,91.88,61.82,79.88,90.2,65.35,80.01,91.47,90.15,90.55,94.22,90.45,90.56,93.36,91.77,93.18,94.83,67.96,78.48,84.47,79.57,80.38,83.96,69.22,79.7,84.97,
qna,2,qna_L2_v2,10,2,96.9,90.21,95.14,87.25,86.57,91.88,91.28,79.88,90.2,91.02,80.01,91.47,90.96,90.55,94.22,91.52,90.56,93.36,94.51,93.18,94.83,82.74,78.48,84.47,83.83,80.38,83.96,90.68,79.7,84.97,
qna,2,qna_L2_v3,10,3,93.13,90.21,95.14,87.73,86.57,91.88,86.53,79.88,90.2,83.66,80.01,91.47,90.53,90.55,94.22,89.71,90.56,93.36,93.25,93.18,94.83,84.73,78.48,84.47,77.75,80.38,83.96,79.21,79.7,84.97,
qna,3,qna_L3_v1,1,1,95.29,96,89.26,94.53,95.08,90.06,93.55,94.06,89.48,97.05,97.53,90.26,95.21,94.22,92,93.19,93.78,91.08,96.33,95.49,91.97,88.04,85.86,82.58,75.17,76.16,80.93,89.29,87.59,80.15,
qna,3,qna_L3_v2,1,2,95.39,96,89.26,94.64,95.08,90.06,94.51,94.06,89.48,97.41,97.53,90.26,96.39,94.22,92,94.74,93.78,91.08,97.51,95.49,91.97,84.01,85.86,82.58,80.38,76.16,80.93,88.7,87.59,80.15,
qna,3,qna_L3_v3,1,3,97.33,96,89.26,96.07,95.08,90.06,94.12,94.06,89.48,98.14,97.53,90.26,91.07,94.22,92,93.42,93.78,91.08,92.62,95.49,91.97,85.54,85.86,82.58,72.92,76.16,80.93,84.78,87.59,80.15,
qna,3,qna_L3_v1,2,1,92.96,90.53,89.26,96.03,95.83,90.06,96.33,96.07,89.48,96.83,95.4,90.26,95.91,94.38,92,92.27,91.84,91.08,94.13,91.43,91.97,83.95,84.08,82.58,84.15,82.44,80.93,92.11,86.35,80.15,
qna,3,qna_L3_v2,2,2,87.49,90.53,89.26,96.43,95.83,90.06,95.81,96.07,89.48,93.01,95.4,90.26,92.14,94.38,92,88.21,91.84,91.08,87.22,91.43,91.97,84.04,84.08,82.58,83.1,82.44,80.93,82.04,86.35,80.15,
qna,3,qna_L3_v3,2,3,91.14,90.53,89.26,95.02,95.83,90.06,96.08,96.07,89.48,96.35,95.4,90.26,95.1,94.38,92,95.03,91.84,91.08,92.95,91.43,91.97,84.24,84.08,82.58,80.06,82.44,80.93,84.9,86.35,80.15,
qna,3,qna_L3_v1,3,1,91.72,90.38,89.26,93.8,91.37,90.06,91.74,90.75,89.48,94.13,91.66,90.26,95.49,94.79,92,94.42,93.56,91.08,94.94,95.06,91.97,82.3,83.98,82.58,90.79,90.88,80.93,88.09,84.46,80.15,
qna,3,qna_L3_v2,3,2,93.83,90.38,89.26,87.54,91.37,90.06,87.1,90.75,89.48,84.39,91.66,90.26,94.63,94.79,92,94.59,93.56,91.08,95.05,95.06,91.97,87.11,83.98,82.58,92.36,90.88,80.93,86.04,84.46,80.15,
qna,3,qna_L3_v3,3,3,85.58,90.38,89.26,92.77,91.37,90.06,93.41,90.75,89.48,96.47,91.66,90.26,94.26,94.79,92,91.66,93.56,91.08,95.19,95.06,91.97,82.52,83.98,82.58,89.49,90.88,80.93,79.26,84.46,80.15,
qna,3,qna_L3_v1,4,1,98.49,95.64,89.26,96.15,95.29,90.06,95.11,95.44,89.48,95.55,95.78,90.26,92.44,93.12,92,97.14,96.83,91.08,95.24,96.25,91.97,90.93,89.22,82.58,91.28,87.2,80.93,84.62,84.76,80.15,
qna,3,qna_L3_v2,4,2,92.97,95.64,89.26,94.84,95.29,90.06,95.51,95.44,89.48,96.66,95.78,90.26,92.32,93.12,92,96.6,96.83,91.08,96.7,96.25,91.97,85.8,89.22,82.58,84.72,87.2,80.93,91.48,84.76,80.15,
qna,3,qna_L3_v3,4,3,95.45,95.64,89.26,94.87,95.29,90.06,95.69,95.44,89.48,95.14,95.78,90.26,94.59,93.12,92,96.74,96.83,91.08,96.8,96.25,91.97,90.94,89.22,82.58,85.61,87.2,80.93,78.17,84.76,80.15,
qna,3,qna_L3_v1,5,1,82.84,81.75,89.26,95.8,90.47,90.06,94.13,89.98,89.48,92.27,89.85,90.26,98.29,96.09,92,96.08,95.84,91.08,97.65,96.56,91.97,89.05,81.5,82.58,87.6,80.97,80.93,85.7,76.93,80.15,
qna,3,qna_L3_v2,5,2,93.8,81.75,89.26,95.12,90.47,90.06,89.97,89.98,89.48,93.88,89.85,90.26,97.38,96.09,92,97.44,95.84,91.08,99.8,96.56,91.97,87.65,81.5,82.58,87.91,80.97,80.93,81.62,76.93,80.15,
qna,3,qna_L3_v3,5,3,68.6,81.75,89.26,80.49,90.47,90.06,85.85,89.98,89.48,83.4,89.85,90.26,92.59,96.09,92,94,95.84,91.08,92.24,96.56,91.97,67.79,81.5,82.58,67.39,80.97,80.93,63.48,76.93,80.15,
qna,3,qna_L3_v1,6,1,98.65,82.9,89.26,96.8,81.1,90.06,91.55,79.31,89.48,93.5,77.96,90.26,97.15,84.03,92,95.42,80.9,91.08,96.59,84.48,91.97,87.3,77.18,82.58,87.97,80.26,80.93,90.88,77.58,80.15,
qna,3,qna_L3_v2,6,2,81.33,82.9,89.26,89.08,81.1,90.06,88.2,79.31,89.48,79.86,77.96,90.26,88.95,84.03,92,83.16,80.9,91.08,85.62,84.48,91.97,69.69,77.18,82.58,77.14,80.26,80.93,68.71,77.58,80.15,
qna,3,qna_L3_v3,6,3,68.72,82.9,89.26,57.43,81.1,90.06,58.19,79.31,89.48,60.52,77.96,90.26,65.98,84.03,92,64.11,80.9,91.08,71.23,84.48,91.97,74.55,77.18,82.58,75.68,80.26,80.93,73.14,77.58,80.15,
qna,3,qna_L3_v1,7,1,88.46,93.35,89.26,90.83,86.23,90.06,94.38,85.81,89.48,91.71,88.88,90.26,90.77,89.47,92,94.05,87.63,91.08,89.98,89.13,91.97,76.85,80.31,82.58,79.61,78.35,80.93,77.62,74.27,80.15,
qna,3,qna_L3_v2,7,2,96.49,93.35,89.26,80.58,86.23,90.06,80.59,85.81,89.48,86.18,88.88,90.26,81.37,89.47,92,76.38,87.63,91.08,79.99,89.13,91.97,82.29,80.31,82.58,77.53,78.35,80.93,74.9,74.27,80.15,
qna,3,qna_L3_v3,7,3,95.11,93.35,89.26,87.28,86.23,90.06,82.47,85.81,89.48,88.76,88.88,90.26,96.27,89.47,92,92.45,87.63,91.08,97.42,89.13,91.97,81.8,80.31,82.58,77.9,78.35,80.93,70.3,74.27,80.15,
qna,3,qna_L3_v1,8,1,74.12,82.4,89.26,88.75,91.27,90.06,89.73,89.82,89.48,91.56,90.8,90.26,93.25,91.32,92,88.79,89.41,91.08,88.82,87.38,91.97,83.95,81.25,82.58,69.05,78.63,80.93,62.47,70.95,80.15,
qna,3,qna_L3_v2,8,2,79.95,82.4,89.26,93.41,91.27,90.06,83.66,89.82,89.48,88.72,90.8,90.26,93.57,91.32,92,88.45,89.41,91.08,82.64,87.38,91.97,76.77,81.25,82.58,86.2,78.63,80.93,83.9,70.95,80.15,
qna,3,qna_L3_v3,8,3,93.13,82.4,89.26,91.66,91.27,90.06,96.06,89.82,89.48,92.11,90.8,90.26,87.15,91.32,92,91,89.41,91.08,90.69,87.38,91.97,83.04,81.25,82.58,80.63,78.63,80.93,66.48,70.95,80.15,
qna,3,qna_L3_v1,9,1,88.45,95.68,89.26,89.09,87.78,90.06,87.1,89.1,89.48,86.37,87.71,90.26,95.47,95.98,92,96.14,96.28,91.08,96.82,96.81,91.97,90.16,86.76,82.58,86.33,81,80.93,79.52,82.88,80.15,
qna,3,qna_L3_v2,9,2,99.54,95.68,89.26,88.3,87.78,90.06,85.91,89.1,89.48,87.84,87.71,90.26,96.83,95.98,92,97.69,96.28,91.08,96.59,96.81,91.97,85.46,86.76,82.58,84.49,81,80.93,83.64,82.88,80.15,
qna,3,qna_L3_v3,9,3,99.06,95.68,89.26,85.96,87.78,90.06,94.28,89.1,89.48,88.93,87.71,90.26,95.65,95.98,92,95.02,96.28,91.08,97.02,96.81,91.97,84.65,86.76,82.58,72.17,81,80.93,85.49,82.88,80.15,
qna,3,qna_L3_v1,10,1,85,84,89.26,91.21,86.21,90.06,82.91,84.48,89.48,87.85,87.01,90.26,81.02,86.56,92,79.79,84.77,91.08,81.85,87.1,91.97,75.01,75.64,82.58,67.08,73.42,80.93,76.54,75.73,80.15,
qna,3,qna_L3_v2,10,2,78.16,84,89.26,94.25,86.21,90.06,94.41,84.48,89.48,88.44,87.01,90.26,89.89,86.56,92,89.04,84.77,91.08,92.47,87.1,91.97,77.89,75.64,82.58,85.48,73.42,80.93,89.14,75.73,80.15,
qna,3,qna_L3_v3,10,3,88.83,84,89.26,73.16,86.21,90.06,76.13,84.48,89.48,84.74,87.01,90.26,88.78,86.56,92,85.47,84.77,91.08,86.98,87.1,91.97,74.02,75.64,82.58,67.69,73.42,80.93,61.51,75.73,80.15,
qna,4,qna_L4_v1,1,1,88.14,85.92,82.63,94.69,93.01,86.59,93.53,91.86,86.64,95.73,91.96,86.08,92.96,92.01,89.22,91.01,92.33,87.3,93.14,94.15,87.96,88.56,85.01,81.48,70.64,71.9,81.5,90.75,85.8,81.49,
qna,4,qna_L4_v2,1,2,91.09,85.92,82.63,92.7,93.01,86.59,93.47,91.86,86.64,94.65,91.96,86.08,90.28,92.01,89.22,91.24,92.33,87.3,93.48,94.15,87.96,86.7,85.01,81.48,74.69,71.9,81.5,80.8,85.8,81.49,
qna,4,qna_L4_v3,1,3,78.53,85.92,82.63,91.63,93.01,86.59,88.57,91.86,86.64,85.49,91.96,86.08,92.79,92.01,89.22,94.75,92.33,87.3,95.84,94.15,87.96,79.76,85.01,81.48,70.36,71.9,81.5,85.84,85.8,81.49,
qna,4,qna_L4_v1,2,1,86.16,87.44,82.63,94.2,95.63,86.59,95.19,94.98,86.64,95.48,94.7,86.08,95.96,94.75,89.22,86.84,90.8,87.3,87.93,91.57,87.96,84.43,84.35,81.48,80.02,82.53,81.5,83.73,87.59,81.49,
qna,4,qna_L4_v2,2,2,96.8,87.44,82.63,96.84,95.63,86.59,97.17,94.98,86.64,98.63,94.7,86.08,97,94.75,89.22,93.77,90.8,87.3,94.36,91.57,87.96,87.74,84.35,81.48,88.19,82.53,81.5,92.73,87.59,81.49,
qna,4,qna_L4_v3,2,3,79.35,87.44,82.63,95.85,95.63,86.59,92.57,94.98,86.64,89.99,94.7,86.08,91.28,94.75,89.22,91.79,90.8,87.3,92.42,91.57,87.96,80.88,84.35,81.48,79.39,82.53,81.5,86.32,87.59,81.49,
qna,4,qna_L4_v1,3,1,80.12,76.48,82.63,94.85,83.06,86.59,94.31,88.89,86.64,88.7,77.98,86.08,86.92,81.47,89.22,86.39,79.01,87.3,88.6,83.82,87.96,84.24,80.1,81.48,90.42,86.08,81.5,83.3,81.08,81.49,
qna,4,qna_L4_v2,3,2,76.39,76.48,82.63,79.13,83.06,86.59,86.68,88.89,86.64,76.79,77.98,86.08,71.37,81.47,89.22,71.68,79.01,87.3,80.05,83.82,87.96,83.34,80.1,81.48,85.59,86.08,81.5,82.19,81.08,81.49,
qna,4,qna_L4_v3,3,3,72.92,76.48,82.63,75.2,83.06,86.59,85.67,88.89,86.64,68.46,77.98,86.08,86.11,81.47,89.22,78.97,79.01,87.3,82.8,83.82,87.96,72.72,80.1,81.48,82.24,86.08,81.5,77.76,81.08,81.49,
qna,4,qna_L4_v1,4,1,69.98,80.32,82.63,73.84,87.35,86.59,66.8,85.39,86.64,71.34,87.4,86.08,70.49,87.44,89.22,69.68,83.97,87.3,79.24,89.37,87.96,79.6,85.85,81.48,82.11,87.59,81.5,80.73,85.93,81.49,
qna,4,qna_L4_v2,4,2,85.56,80.32,82.63,94.03,87.35,86.59,94.8,85.39,86.64,94.14,87.4,86.08,96.17,87.44,89.22,91.01,83.97,87.3,92.3,89.37,87.96,91.65,85.85,81.48,90.25,87.59,81.5,88.8,85.93,81.49,
qna,4,qna_L4_v3,4,3,85.42,80.32,82.63,94.17,87.35,86.59,94.58,85.39,86.64,96.73,87.4,86.08,95.65,87.44,89.22,91.21,83.97,87.3,96.57,89.37,87.96,86.3,85.85,81.48,90.4,87.59,81.5,88.26,85.93,81.49,
qna,4,qna_L4_v1,5,1,81,78.3,82.63,95.44,92.79,86.59,93.16,93.37,86.64,94.38,94.17,86.08,97.87,97.73,89.22,96.51,96.73,87.3,94.55,96.76,87.96,90.86,80.31,81.48,85.95,79.66,81.5,85.54,76.99,81.49,
qna,4,qna_L4_v2,5,2,62.25,78.3,82.63,89.2,92.79,86.59,94.12,93.37,86.64,96.07,94.17,86.08,97.78,97.73,89.22,95.8,96.73,87.3,97.46,96.76,87.96,60.73,80.31,81.48,62.81,79.66,81.5,57.52,76.99,81.49,
qna,4,qna_L4_v3,5,3,91.64,78.3,82.63,93.73,92.79,86.59,92.84,93.37,86.64,92.05,94.17,86.08,97.53,97.73,89.22,97.89,96.73,87.3,98.27,96.76,87.96,89.35,80.31,81.48,90.23,79.66,81.5,87.9,76.99,81.49,
qna,4,qna_L4_v1,6,1,96.88,87.37,82.63,96.01,85.95,86.59,92.84,82.56,86.64,95.57,85.33,86.08,97.54,88.2,89.22,94.99,86.57,87.3,96.19,83.72,87.96,88.15,84.21,81.48,87.89,81.63,81.5,92.98,84.74,81.49,
qna,4,qna_L4_v2,6,2,99.15,87.37,82.63,91.72,85.95,86.59,91.89,82.56,86.64,89.74,85.33,86.08,96.93,88.2,89.22,95.66,86.57,87.3,96.11,83.72,87.96,87,84.21,81.48,89.78,81.63,81.5,88.73,84.74,81.49,
qna,4,qna_L4_v3,6,3,66.08,87.37,82.63,70.13,85.95,86.59,62.95,82.56,86.64,70.67,85.33,86.08,70.14,88.2,89.22,69.05,86.57,87.3,58.85,83.72,87.96,77.48,84.21,81.48,67.21,81.63,81.5,72.5,84.74,81.49,
qna,4,qna_L4_v1,7,1,53.36,79.34,82.63,62,81.39,86.59,66.62,83.65,86.64,67.31,82.71,86.08,73.15,84.26,89.22,72.76,81.85,87.3,55.04,81.1,87.96,68.95,78.33,81.48,57.79,78.28,81.5,58.95,70.67,81.49,
qna,4,qna_L4_v2,7,2,92.98,79.34,82.63,90.53,81.39,86.59,90.95,83.65,86.64,88.8,82.71,86.08,89.77,84.26,89.22,89.73,81.85,87.3,93.09,81.1,87.96,83.96,78.33,81.48,86.13,78.28,81.5,76.66,70.67,81.49,
qna,4,qna_L4_v3,7,3,91.67,79.34,82.63,91.63,81.39,86.59,93.39,83.65,86.64,92.01,82.71,86.08,89.87,84.26,89.22,83.07,81.85,87.3,95.18,81.1,87.96,82.07,78.33,81.48,90.92,78.28,81.5,76.41,70.67,81.49,
qna,4,qna_L4_v1,8,1,72.74,81.28,82.63,67.31,80.49,86.59,86.5,85.79,86.64,80.05,85.2,86.08,78.36,84.32,89.22,69.49,78.77,87.3,65.6,78.37,87.96,85.32,82.04,81.48,76.77,85.4,81.5,74.74,80.5,81.49,
qna,4,qna_L4_v2,8,2,78.03,81.28,82.63,83.64,80.49,86.59,78.86,85.79,86.64,83.45,85.2,86.08,85.85,84.32,89.22,76.66,78.77,87.3,84.65,78.37,87.96,79.21,82.04,81.48,89.8,85.4,81.5,83.8,80.5,81.49,
qna,4,qna_L4_v3,8,3,93.06,81.28,82.63,90.52,80.49,86.59,92,85.79,86.64,92.09,85.2,86.08,88.74,84.32,89.22,90.16,78.77,87.3,84.86,78.37,87.96,81.58,82.04,81.48,89.62,85.4,81.5,82.95,80.5,81.49,
qna,4,qna_L4_v1,9,1,80.55,83.75,82.63,93.22,83.49,86.59,89.29,82.54,86.64,88.91,82.44,86.08,95.66,92.85,89.22,96.89,92.77,87.3,95.67,93.91,87.96,84.01,81.45,81.48,78.64,79.79,81.5,80.74,77.78,81.49,
qna,4,qna_L4_v2,9,2,90.34,83.75,82.63,80.83,83.49,86.59,86.54,82.54,86.64,82.11,82.44,86.08,94.24,92.85,89.22,96.31,92.77,87.3,97.49,93.91,87.96,87.27,81.45,81.48,83.78,79.79,81.5,78.34,77.78,81.49,
qna,4,qna_L4_v3,9,3,80.37,83.75,82.63,76.43,83.49,86.59,71.8,82.54,86.64,76.3,82.44,86.08,88.66,92.85,89.22,85.12,92.77,87.3,88.56,93.91,87.96,73.06,81.45,81.48,76.96,79.79,81.5,74.25,77.78,81.49,
qna,4,qna_L4_v1,10,1,89.22,86.1,82.63,86.52,82.75,86.59,92.51,77.41,86.64,90.62,78.89,86.08,91.53,89.21,89.22,90.31,90.16,87.3,95.5,86.87,87.96,63.32,73.21,81.48,79.64,82.1,81.5,83.3,83.8,81.49,
qna,4,qna_L4_v2,10,2,83.1,86.1,82.63,68.78,82.75,86.59,62.53,77.41,86.64,66.03,78.89,86.08,85.09,89.21,89.22,89.96,90.16,87.3,73.3,86.87,87.96,78.64,73.21,81.48,84.37,82.1,81.5,88.05,83.8,81.49,
qna,4,qna_L4_v3,10,3,85.98,86.1,82.63,92.96,82.75,86.59,77.2,77.41,86.64,80.03,78.89,86.08,91,89.21,89.22,90.21,90.16,87.3,91.81,86.87,87.96,77.68,73.21,81.48,82.3,82.1,81.5,80.06,83.8,81.49,
qna,5,qna_L5_v1,1,1,80.61,81.28,75.34,85.49,86.24,80.87,89.62,89.97,82.18,92.36,92.31,83.32,88.05,88.16,83.98,89.87,90.72,84.04,92.74,90.86,84.62,83.76,79.98,79.73,78.22,71.78,78.52,87.38,83.22,77.78,
qna,5,qna_L5_v2,1,2,83.99,81.28,75.34,85.41,86.24,80.87,88.73,89.97,82.18,92.39,92.31,83.32,91.22,88.16,83.98,91.4,90.72,84.04,91.29,90.86,84.62,81.11,79.98,79.73,68.63,71.78,78.52,82.29,83.22,77.78,
qna,5,qna_L5_v3,1,3,79.25,81.28,75.34,87.82,86.24,80.87,91.56,89.97,82.18,92.18,92.31,83.32,85.2,88.16,83.98,90.89,90.72,84.04,88.56,90.86,84.62,75.07,79.98,79.73,68.49,71.78,78.52,80,83.22,77.78,
qna,5,qna_L5_v1,2,1,71.69,74.55,75.34,94.51,82.89,80.87,96.99,86.02,82.18,96.58,88.01,83.32,93.87,84.81,83.98,91.6,83.94,84.04,94.1,86.1,84.62,87.82,78.97,79.73,82.41,74.21,78.52,89.79,78.36,77.78,
qna,5,qna_L5_v2,2,2,78.85,74.55,75.34,87.44,82.89,80.87,88.48,86.02,82.18,91.45,88.01,83.32,92.11,84.81,83.98,91.81,83.94,84.04,92.45,86.1,84.62,81.19,78.97,79.73,83.21,74.21,78.52,81.84,78.36,77.78,
qna,5,qna_L5_v3,2,3,73.11,74.55,75.34,66.71,82.89,80.87,72.59,86.02,82.18,75.99,88.01,83.32,68.45,84.81,83.98,68.42,83.94,84.04,71.74,86.1,84.62,67.9,78.97,79.73,57,74.21,78.52,63.44,78.36,77.78,
qna,5,qna_L5_v1,3,1,89.47,84.45,75.34,80.41,78.71,80.87,80.17,78.95,82.18,85.19,77.74,83.32,81.8,81.01,83.98,89.71,86.78,84.04,94.3,89.63,84.62,82.33,78.89,79.73,81.61,80.25,78.52,80.86,81.94,77.78,
qna,5,qna_L5_v2,3,2,78.66,84.45,75.34,74.66,78.71,80.87,70.16,78.95,82.18,64.3,77.74,83.32,72.44,81.01,83.98,83.83,86.78,84.04,85.13,89.63,84.62,73.7,78.89,79.73,75.4,80.25,78.52,79.1,81.94,77.78,
qna,5,qna_L5_v3,3,3,85.21,84.45,75.34,81.07,78.71,80.87,86.52,78.95,82.18,83.74,77.74,83.32,88.79,81.01,83.98,86.79,86.78,84.04,89.46,89.63,84.62,80.65,78.89,79.73,83.74,80.25,78.52,85.86,81.94,77.78,
qna,5,qna_L5_v1,4,1,69.32,75.03,75.34,78.34,82.08,80.87,87.81,86.69,82.18,79.86,84.6,83.32,94.6,93.18,83.98,82.9,89.37,84.04,86.94,90.56,84.62,91.14,88.2,79.73,86.77,85.72,78.52,89.87,86.59,77.78,
qna,5,qna_L5_v2,4,2,77.95,75.03,75.34,84.09,82.08,80.87,85.14,86.69,82.18,86.23,84.6,83.32,93.28,93.18,83.98,91.51,89.37,84.04,91.08,90.56,84.62,81.52,88.2,79.73,85.71,85.72,78.52,86.2,86.59,77.78,
qna,5,qna_L5_v3,4,3,77.82,75.03,75.34,83.81,82.08,80.87,87.13,86.69,82.18,87.71,84.6,83.32,91.65,93.18,83.98,93.69,89.37,84.04,93.66,90.56,84.62,91.94,88.2,79.73,84.69,85.72,78.52,83.7,86.59,77.78,
qna,5,qna_L5_v1,5,1,69.76,72.88,75.34,87.34,87.6,80.87,87.6,85.25,82.18,87.51,88.74,83.32,91.91,90.08,83.98,93.31,92.96,84.04,91.21,92.18,84.62,84.85,84.64,79.73,81,84.69,78.52,82.39,81.23,77.78,
qna,5,qna_L5_v2,5,2,68.09,72.88,75.34,84.59,87.6,80.87,86.14,85.25,82.18,86.62,88.74,83.32,88.43,90.08,83.98,93.77,92.96,84.04,94.36,92.18,84.62,80.43,84.64,79.73,86.68,84.69,78.52,76.44,81.23,77.78,
qna,5,qna_L5_v3,5,3,80.78,72.88,75.34,90.87,87.6,80.87,82,85.25,82.18,92.09,88.74,83.32,89.91,90.08,83.98,91.8,92.96,84.04,90.97,92.18,84.62,88.65,84.64,79.73,86.38,84.69,78.52,84.86,81.23,77.78,
qna,5,qna_L5_v1,6,1,72.05,81.39,75.34,76.76,86.28,80.87,85.98,90.18,82.18,81.73,85.29,83.32,79.87,87.57,83.98,77.25,87.26,84.04,75.64,87.02,84.62,79,83.93,79.73,84.22,86.83,78.52,85.46,86.05,77.78,
qna,5,qna_L5_v2,6,2,85.48,81.39,75.34,89.88,86.28,80.87,90.79,90.18,82.18,82.12,85.29,83.32,91.88,87.57,83.98,93.55,87.26,84.04,93.23,87.02,84.62,92.41,83.93,79.73,90.41,86.83,78.52,88.39,86.05,77.78,
qna,5,qna_L5_v3,6,3,86.65,81.39,75.34,92.19,86.28,80.87,93.78,90.18,82.18,92.03,85.29,83.32,90.95,87.57,83.98,90.97,87.26,84.04,92.19,87.02,84.62,80.39,83.93,79.73,85.86,86.83,78.52,84.29,86.05,77.78,
qna,5,qna_L5_v1,7,1,78.71,73.23,75.34,79.73,77.41,80.87,82.27,75.67,82.18,81.65,83.07,83.32,89.71,87.44,83.98,84.22,84.17,84.04,85.91,84.78,84.62,76.05,77.59,79.73,74.22,79.7,78.52,75.4,69.69,77.78,
qna,5,qna_L5_v2,7,2,60.44,73.23,75.34,71.65,77.41,80.87,73.89,75.67,82.18,79.19,83.07,83.32,80.06,87.44,83.98,80.46,84.17,84.04,83.19,84.78,84.62,78.49,77.59,79.73,76.82,79.7,78.52,65.99,69.69,77.78,
qna,5,qna_L5_v3,7,3,80.54,73.23,75.34,80.86,77.41,80.87,70.85,75.67,82.18,88.37,83.07,83.32,92.54,87.44,83.98,87.83,84.17,84.04,85.24,84.78,84.62,78.23,77.59,79.73,88.07,79.7,78.52,67.68,69.69,77.78,
qna,5,qna_L5_v1,8,1,71.5,73.65,75.34,91.65,82.59,80.87,90.45,79.26,82.18,90.51,88.03,83.32,79.19,85.35,83.98,72.07,79.62,84.04,74.9,81,84.62,78.08,76.44,79.73,84.9,78.8,78.52,70.8,73.39,77.78,
qna,5,qna_L5_v2,8,2,77.76,73.65,75.34,85.53,82.59,80.87,78.4,79.26,82.18,89.84,88.03,83.32,88.46,85.35,83.98,86.53,79.62,84.04,86.12,81,84.62,79.16,76.44,79.73,70.34,78.8,78.52,76.09,73.39,77.78,
qna,5,qna_L5_v3,8,3,71.69,73.65,75.34,70.59,82.59,80.87,68.93,79.26,82.18,83.75,88.03,83.32,88.41,85.35,83.98,80.25,79.62,84.04,81.97,81,84.62,72.08,76.44,79.73,81.17,78.8,78.52,73.27,73.39,77.78,
qna,5,qna_L5_v1,9,1,66.3,63.49,75.34,71.57,66.28,80.87,73.9,67.88,82.18,77.13,68.37,83.32,75.69,67.54,83.98,77.69,68.75,84.04,63.79,65.67,84.62,74.68,70.16,79.73,69.07,68.88,78.52,65.13,65.58,77.78,
qna,5,qna_L5_v2,9,2,67.35,63.49,75.34,78.2,66.28,80.87,77.58,67.88,82.18,74.99,68.37,83.32,78.95,67.54,83.98,75.48,68.75,84.04,75.74,65.67,84.62,73.89,70.16,79.73,67.98,68.88,78.52,69.08,65.58,77.78,
qna,5,qna_L5_v3,9,3,56.81,63.49,75.34,49.06,66.28,80.87,52.17,67.88,82.18,52.98,68.37,83.32,47.98,67.54,83.98,53.07,68.75,84.04,57.49,65.67,84.62,61.9,70.16,79.73,69.59,68.88,78.52,62.53,65.58,77.78,
qna,5,qna_L5_v1,10,1,61.11,73.42,75.34,53.35,78.64,80.87,59.2,81.98,82.18,57.65,77.02,83.32,48.56,74.64,83.98,56.18,76.89,84.04,57.96,78.4,84.62,64.78,78.51,79.73,57.47,74.34,78.52,50.74,71.72,77.78,
qna,5,qna_L5_v2,10,2,78.57,73.42,75.34,94.38,78.64,80.87,94.61,81.98,82.18,86.74,77.02,83.32,85.16,74.64,83.98,86.11,76.89,84.04,86.65,78.4,84.62,83.57,78.51,79.73,79.6,74.34,78.52,88.42,71.72,77.78,
qna,5,qna_L5_v3,10,3,80.57,73.42,75.34,88.2,78.64,80.87,92.12,81.98,82.18,86.66,77.02,83.32,90.2,74.64,83.98,88.38,76.89,84.04,90.6,78.4,84.62,87.19,78.51,79.73,85.96,74.34,78.52,76.01,71.72,77.78,
reasoning,1,reasoning_L1_v1,1,1,99.52,97.68,96.23,84.69,91.66,93.36,85.08,87.74,92.28,91.86,91.48,92.08,89.84,85.62,91.84,90.21,90.19,92.76,96.94,91.86,94.98,82.78,83.91,87.04,90.21,88.89,87.16,81.98,80.7,88.57,
reasoning,1,reasoning_L1_v2,1,2,95.55,97.68,96.23,94.78,91.66,93.36,87.54,87.74,92.28,90.59,91.48,92.08,84.82,85.62,91.84,93.72,90.19,92.76,93.92,91.86,94.98,82.9,83.91,87.04,88.9,88.89,87.16,79.6,80.7,88.57,
reasoning,1,reasoning_L1_v3,1,3,97.97,97.68,96.23,95.5,91.66,93.36,90.6,87.74,92.28,92,91.48,92.08,82.2,85.62,91.84,86.65,90.19,92.76,84.73,91.86,94.98,86.05,83.91,87.04,87.55,88.89,87.16,80.51,80.7,88.57,
reasoning,1,reasoning_L1_v1,2,1,95.28,92.08,96.23,94.29,93.67,93.36,92.63,92.82,92.28,91.44,87.4,92.08,87.47,91.05,91.84,95.71,94.62,92.76,95.17,94.88,94.98,91,86.12,87.04,86.23,85.94,87.16,89.97,86.6,88.57,
reasoning,1,reasoning_L1_v2,2,2,90.21,92.08,96.23,95.19,93.67,93.36,90.88,92.82,92.28,86.89,87.4,92.08,94.73,91.05,91.84,94.44,94.62,92.76,95.4,94.88,94.98,84.03,86.12,87.04,83.93,85.94,87.16,85.9,86.6,88.57,
reasoning,1,reasoning_L1_v3,2,3,90.74,92.08,96.23,91.54,93.67,93.36,94.96,92.82,92.28,83.87,87.4,92.08,90.95,91.05,91.84,93.71,94.62,92.76,94.08,94.88,94.98,83.32,86.12,87.04,87.65,85.94,87.16,83.92,86.6,88.57,
reasoning,1,reasoning_L1_v1,3,1,97.55,99.18,96.23,93.08,93.93,93.36,93.68,96.18,92.28,92.82,92.6,92.08,94.03,94.36,91.84,94.94,92.48,92.76,95.05,98.35,94.98,90.61,93.49,87.04,87.97,85.43,87.16,92.7,97.57,88.57,
reasoning,1,reasoning_L1_v2,3,2,100,99.18,96.23,93.54,93.93,93.36,97.27,96.18,92.28,90.95,92.6,92.08,94.07,94.36,91.84,93.27,92.48,92.76,100,98.35,94.98,94.12,93.49,87.04,86.83,85.43,87.16,100,97.57,88.57,
reasoning,1,reasoning_L1_v3,3,3,100,99.18,96.23,95.18,93.93,93.36,97.59,96.18,92.28,94.03,92.6,92.08,94.99,94.36,91.84,89.22,92.48,92.76,100,98.35,94.98,95.74,93.49,87.04,81.49,85.43,87.16,100,97.57,88.57,
reasoning,1,reasoning_L1_v1,4,1,99.85,95.19,96.23,93.87,92.46,93.36,95.71,94.03,92.28,92.11,91.06,92.08,93.15,89.37,91.84,93.3,91.9,92.76,97.78,92.82,94.98,85.91,83.58,87.04,83.42,79.73,87.16,81.1,83.04,88.57,
reasoning,1,reasoning_L1_v2,4,2,86.51,95.19,96.23,90.81,92.46,93.36,91.49,94.03,92.28,89.94,91.06,92.08,88.96,89.37,91.84,90.29,91.9,92.76,91.45,92.82,94.98,81.7,83.58,87.04,73.21,79.73,87.16,80,83.04,88.57,
reasoning,1,reasoning_L1_v3,4,3,99.22,95.19,96.23,92.7,92.46,93.36,94.88,94.03,92.28,91.13,91.06,92.08,86,89.37,91.84,92.1,91.9,92.76,89.24,92.82,94.98,83.13,83.58,87.04,82.55,79.73,87.16,88.01,83.04,88.57,
reasoning,1,reasoning_L1_v1,5,1,98.14,96.32,96.23,91.98,93.35,93.36,93.98,95.21,92.28,93.47,93.25,92.08,95.96,94.19,91.84,93.89,94.38,92.76,98.42,97.36,94.98,85.33,86.11,87.04,87.84,89.4,87.16,86.28,85.01,88.57,
reasoning,1,reasoning_L1_v2,5,2,96.29,96.32,96.23,94.51,93.35,93.36,95.11,95.21,92.28,92.61,93.25,92.08,96.04,94.19,91.84,94.19,94.38,92.76,97.74,97.36,94.98,85.58,86.11,87.04,89.97,89.4,87.16,84.36,85.01,88.57,
reasoning,1,reasoning_L1_v3,5,3,94.54,96.32,96.23,93.57,93.35,93.36,96.55,95.21,92.28,93.67,93.25,92.08,90.57,94.19,91.84,95.07,94.38,92.76,95.93,97.36,94.98,87.41,86.11,87.04,90.38,89.4,87.16,84.39,85.01,88.57,
reasoning,1,reasoning_L1_v1,6,1,100,92.08,96.23,95.39,94.1,93.36,93.52,93.65,92.28,92.89,93.07,92.08,92.97,93.44,91.84,93.09,93.74,92.76,100,98.2,94.98,82.78,86.01,87.04,88.49,87.89,87.16,100,93.67,88.57,
reasoning,1,reasoning_L1_v2,6,2,88.75,92.08,96.23,95.05,94.1,93.36,92.02,93.65,92.28,92.86,93.07,92.08,94.14,93.44,91.84,95.94,93.74,92.76,99.3,98.2,94.98,85.76,86.01,87.04,86.66,87.89,87.16,91.32,93.67,88.57,
reasoning,1,reasoning_L1_v3,6,3,87.49,92.08,96.23,91.86,94.1,93.36,95.42,93.65,92.28,93.45,93.07,92.08,93.2,93.44,91.84,92.19,93.74,92.76,95.3,98.2,94.98,89.49,86.01,87.04,88.51,87.89,87.16,89.68,93.67,88.57,
reasoning,1,reasoning_L1_v1,7,1,96.06,97.91,96.23,95.6,94.6,93.36,95.77,94,92.28,94.8,95.78,92.08,94.11,94.89,91.84,95.8,95.11,92.76,95.68,97.92,94.98,83.52,85.19,87.04,88.03,87.37,87.16,80.83,87.24,88.57,
reasoning,1,reasoning_L1_v2,7,2,97.67,97.91,96.23,92.69,94.6,93.36,91.5,94,92.28,96.22,95.78,92.08,94.58,94.89,91.84,95.07,95.11,92.76,98.09,97.92,94.98,83.84,85.19,87.04,85.14,87.37,87.16,80.89,87.24,88.57,
reasoning,1,reasoning_L1_v3,7,3,100,97.91,96.23,95.52,94.6,93.36,94.74,94,92.28,96.33,95.78,92.08,95.99,94.89,91.84,94.45,95.11,92.76,100,97.92,94.98,88.2,85.19,87.04,88.93,87.37,87.16,100,87.24,88.57,
reasoning,1,reasoning_L1_v1,8,1,96.83,96.3,96.23,92.77,92.51,93.36,89.34,91.64,92.28,88.25,90.6,92.08,92.43,92.47,91.84,93.94,93.07,92.76,96.19,93.28,94.98,88.94,88.93,87.04,89.99,90.43,87.16,92.85,90.05,88.57,
reasoning,1,reasoning_L1_v2,8,2,96.58,96.3,96.23,90.56,92.51,93.36,93.29,91.64,92.28,91.89,90.6,92.08,93.13,92.47,91.84,94.42,93.07,92.76,95.48,93.28,94.98,91.07,88.93,87.04,89.93,90.43,87.16,93.68,90.05,88.57,
reasoning,1,reasoning_L1_v3,8,3,95.48,96.3,96.23,94.21,92.51,93.36,92.29,91.64,92.28,91.65,90.6,92.08,91.84,92.47,91.84,90.86,93.07,92.76,88.18,93.28,94.98,86.79,88.93,87.04,91.37,90.43,87.16,83.61,90.05,88.57,
reasoning,1,reasoning_L1_v1,9,1,96.77,98.06,96.23,90.34,91.66,93.36,82.97,89.66,92.28,84.78,90.53,92.08,87.87,91.46,91.84,83.77,91.3,92.76,81.02,88.44,94.98,92.9,88.08,87.04,88.06,89.34,87.16,83.91,88.74,88.57,
reasoning,1,reasoning_L1_v2,9,2,98.66,98.06,96.23,94.1,91.66,93.36,94.45,89.66,92.28,95.71,90.53,92.08,95.65,91.46,91.84,95.61,91.3,92.76,94.54,88.44,94.98,87.12,88.08,87.04,90.06,89.34,87.16,90.94,88.74,88.57,
reasoning,1,reasoning_L1_v3,9,3,98.76,98.06,96.23,90.55,91.66,93.36,91.55,89.66,92.28,91.11,90.53,92.08,90.86,91.46,91.84,94.53,91.3,92.76,89.76,88.44,94.98,84.21,88.08,87.04,89.89,89.34,87.16,91.37,88.74,88.57,
reasoning,1,reasoning_L1_v1,10,1,100,97.48,96.23,97.05,95.65,93.36,87.62,87.81,92.28,95.06,95.05,92.08,94.84,91.55,91.84,90.51,90.76,92.76,100,96.67,94.98,88.18,88.99,87.04,92.76,87.2,87.16,100,93.14,88.57,
reasoning,1,reasoning_L1_v2,10,2,94.85,97.48,96.23,93.59,95.65,93.36,85.82,87.81,92.28,94.5,95.05,92.08,90.36,91.55,91.84,88.59,90.76,92.76,94.85,96.67,94.98,87.68,88.99,87.04,80.8,87.2,87.16,86.58,93.14,88.57,
reasoning,1,reasoning_L1_v3,10,3,97.58,97.48,96.23,96.31,95.65,93.36,89.99,87.81,92.28,95.59,95.05,92.08,89.44,91.55,91.84,93.18,90.76,92.76,95.16,96.67,94.98,91.11,88.99,87.04,88.03,87.2,87.16,92.83,93.14,88.57,
reasoning,2,reasoning_L2_v1,1,1,94.54,95.09,94.76,90.57,87.96,92.3,87.58,87,92.55,90.51,88.71,92.45,83.86,90.73,92.49,90.02,91.63,92.63,98.47,92.64,93.07,84.64,86.91,86.09,88.64,88.22,86.69,80.44,78.13,85.26,
reasoning,2,reasoning_L2_v2,1,2,93.63,95.09,94.76,83.73,87.96,92.3,87.16,87,92.55,87.39,88.71,92.45,94.49,90.73,92.49,94.68,91.63,92.63,89.67,92.64,93.07,88,86.91,86.09,88.57,88.22,86.69,79.67,78.13,85.26,
reasoning,2,reasoning_L2_v3,1,3,97.09,95.09,94.76,89.57,87.96,92.3,86.25,87,92.55,88.24,88.71,92.45,93.85,90.73,92.49,90.19,91.63,92.63,89.79,92.64,93.07,88.09,86.91,86.09,87.44,88.22,86.69,74.28,78.13,85.26,
reasoning,2,reasoning_L2_v1,2,1,89.97,92.62,94.76,89.22,89.63,92.3,92.23,93.46,92.55,94.92,92.92,92.45,88.01,92.84,92.49,96.77,95.6,92.63,96.05,94.89,93.07,88.29,86.01,86.09,81.32,85.26,86.69,89.44,87.41,85.26,
reasoning,2,reasoning_L2_v2,2,2,95.4,92.62,94.76,91.42,89.63,92.3,95.59,93.46,92.55,91.7,92.92,92.45,97.21,92.84,92.49,94.64,95.6,92.63,92.9,94.89,93.07,83.83,86.01,86.09,84.35,85.26,86.69,82.07,87.41,85.26,
reasoning,2,reasoning_L2_v3,2,3,92.5,92.62,94.76,88.24,89.63,92.3,92.56,93.46,92.55,92.15,92.92,92.45,93.31,92.84,92.49,95.4,95.6,92.63,95.71,94.89,93.07,85.9,86.01,86.09,90.12,85.26,86.69,90.73,87.41,85.26,
reasoning,2,reasoning_L2_v1,3,1,96.46,95.7,94.76,93.85,93.41,92.3,96.13,93.59,92.55,92.15,91.91,92.45,91.83,93.23,92.49,91.89,91.43,92.63,93.81,93.89,93.07,86.27,86.68,86.09,81.28,83.83,86.69,91.65,93.16,85.26,
reasoning,2,reasoning_L2_v2,3,2,95.27,95.7,94.76,93.44,93.41,92.3,91.45,93.59,92.55,91.35,91.91,92.45,93.26,93.23,92.49,90.89,91.43,92.63,94.01,93.89,93.07,84.12,86.68,86.09,84.08,83.83,86.69,93.11,93.16,85.26,
reasoning,2,reasoning_L2_v3,3,3,95.36,95.7,94.76,92.95,93.41,92.3,93.18,93.59,92.55,92.23,91.91,92.45,94.6,93.23,92.49,91.52,91.43,92.63,93.85,93.89,93.07,89.66,86.68,86.09,86.13,83.83,86.69,94.73,93.16,85.26,
reasoning,2,reasoning_L2_v1,4,1,97.77,95.02,94.76,90.21,91.7,92.3,96.34,93.5,92.55,94.63,93.79,92.45,88.85,88.96,92.49,89.42,88.7,92.63,89.95,88.61,93.07,88.18,87.98,86.09,82.63,83.65,86.69,83.64,81.98,85.26,
reasoning,2,reasoning_L2_v2,4,2,91.32,95.02,94.76,90.2,91.7,92.3,90.68,93.5,92.55,92.91,93.79,92.45,89.33,88.96,92.49,87.32,88.7,92.63,90.3,88.61,93.07,87.48,87.98,86.09,83.81,83.65,86.69,79.01,81.98,85.26,
reasoning,2,reasoning_L2_v3,4,3,95.98,95.02,94.76,94.68,91.7,92.3,93.49,93.5,92.55,93.84,93.79,92.45,88.69,88.96,92.49,89.37,88.7,92.63,85.58,88.61,93.07,88.28,87.98,86.09,84.51,83.65,86.69,83.29,81.98,85.26,
reasoning,2,reasoning_L2_v1,5,1,91.7,95.03,94.76,92.02,93.92,92.3,95.38,94.59,92.55,91.42,91.42,92.45,94.27,93.59,92.49,93.2,93.7,92.63,95.35,93.82,93.07,85.83,86.4,86.09,90.2,87.22,86.69,87,85.79,85.26,
reasoning,2,reasoning_L2_v2,5,2,94.97,95.03,94.76,94.21,93.92,92.3,93.99,94.59,92.55,91.29,91.42,92.45,95,93.59,92.49,94.9,93.7,92.63,93.9,93.82,93.07,89,86.4,86.09,83.42,87.22,86.69,86.49,85.79,85.26,
reasoning,2,reasoning_L2_v3,5,3,98.41,95.03,94.76,95.54,93.92,92.3,94.4,94.59,92.55,91.54,91.42,92.45,91.5,93.59,92.49,93.01,93.7,92.63,92.21,93.82,93.07,84.36,86.4,86.09,88.05,87.22,86.69,83.87,85.79,85.26,
reasoning,2,reasoning_L2_v1,6,1,91.7,88.55,94.76,94.47,95.54,92.3,94.17,94.18,92.55,94.62,94.41,92.45,95.47,94.31,92.49,93.37,93.24,92.63,93.49,94.17,93.07,80.54,81.07,86.09,86.97,86.98,86.69,81.52,86.74,85.26,
reasoning,2,reasoning_L2_v2,6,2,87.8,88.55,94.76,96.31,95.54,92.3,96.66,94.18,92.55,95.43,94.41,92.45,93.56,94.31,92.49,93.34,93.24,92.63,95.52,94.17,93.07,81.67,81.07,86.09,86.02,86.98,86.69,87.85,86.74,85.26,
reasoning,2,reasoning_L2_v3,6,3,86.15,88.55,94.76,95.84,95.54,92.3,91.72,94.18,92.55,93.18,94.41,92.45,93.89,94.31,92.49,93.02,93.24,92.63,93.5,94.17,93.07,80.99,81.07,86.09,87.94,86.98,86.69,90.85,86.74,85.26,
reasoning,2,reasoning_L2_v1,7,1,95.91,96.36,94.76,97.2,97.58,92.3,96.4,96.92,92.55,95.9,96.43,92.45,92.93,91.66,92.49,94.44,93.19,92.63,94.93,93.81,93.07,84.67,87.52,86.09,85.06,85.43,86.69,80.34,80.79,85.26,
reasoning,2,reasoning_L2_v2,7,2,97.68,96.36,94.76,97.58,97.58,92.3,97.13,96.92,92.55,96.76,96.43,92.45,92.57,91.66,92.49,91.87,93.19,92.63,94.81,93.81,93.07,91.27,87.52,86.09,84.79,85.43,86.69,81.91,80.79,85.26,
reasoning,2,reasoning_L2_v3,7,3,95.49,96.36,94.76,97.97,97.58,92.3,97.24,96.92,92.55,96.62,96.43,92.45,89.49,91.66,92.49,93.25,93.19,92.63,91.68,93.81,93.07,86.62,87.52,86.09,86.44,85.43,86.69,80.12,80.79,85.26,
reasoning,2,reasoning_L2_v1,8,1,98.27,98.11,94.76,95.23,94.09,92.3,96.02,95.15,92.55,93.65,92.91,92.45,92.05,94.22,92.49,93.56,93.38,92.63,96.26,92.39,93.07,82.58,86.95,86.09,90.85,90.86,86.69,87.82,83.85,85.26,
reasoning,2,reasoning_L2_v2,8,2,98.36,98.11,94.76,93.66,94.09,92.3,94.75,95.15,92.55,89.68,92.91,92.45,96.21,94.22,92.49,92.57,93.38,92.63,93.57,92.39,93.07,89.82,86.95,86.09,91.6,90.86,86.69,82.78,83.85,85.26,
reasoning,2,reasoning_L2_v3,8,3,97.71,98.11,94.76,93.37,94.09,92.3,94.69,95.15,92.55,95.4,92.91,92.45,94.41,94.22,92.49,94,93.38,92.63,87.33,92.39,93.07,88.45,86.95,86.09,90.12,90.86,86.69,80.96,83.85,85.26,
reasoning,2,reasoning_L2_v1,9,1,99.44,95.37,94.76,85.39,87.53,92.3,87.91,89.54,92.55,90.46,89.84,92.45,94.96,92.98,92.49,93.29,93.06,92.63,91.28,90.75,93.07,87.35,88.1,86.09,91.03,89.48,86.69,91.19,86.96,85.26,
reasoning,2,reasoning_L2_v2,9,2,92.35,95.37,94.76,86.16,87.53,92.3,91.02,89.54,92.55,88.98,89.84,92.45,90.2,92.98,92.49,92.72,93.06,92.63,88.31,90.75,93.07,85.55,88.1,86.09,85.63,89.48,86.69,86.77,86.96,85.26,
reasoning,2,reasoning_L2_v3,9,3,94.33,95.37,94.76,91.05,87.53,92.3,89.69,89.54,92.55,90.08,89.84,92.45,93.78,92.98,92.49,93.16,93.06,92.63,92.67,90.75,93.07,91.4,88.1,86.09,91.78,89.48,86.69,82.93,86.96,85.26,
reasoning,2,reasoning_L2_v1,10,1,98.25,95.78,94.76,89.75,91.61,92.3,91.6,87.52,92.55,89.64,92.12,92.45,94.51,92.4,92.49,92.45,92.33,92.63,96.29,95.74,93.07,88.08,83.31,86.09,85.12,86.02,86.69,92.68,87.76,85.26,
reasoning,2,reasoning_L2_v2,10,2,96.62,95.78,94.76,94.26,91.61,92.3,89.34,87.52,92.55,95.33,92.12,92.45,90.22,92.4,92.49,92.92,92.33,92.63,95.07,95.74,93.07,68.6,83.31,86.09,84.57,86.02,86.69,86.69,87.76,85.26,
reasoning,2,reasoning_L2_v3,10,3,92.47,95.78,94.76,90.83,91.61,92.3,81.62,87.52,92.55,91.4,92.12,92.45,92.48,92.4,92.49,91.63,92.33,92.63,95.86,95.74,93.07,93.26,83.31,86.09,88.36,86.02,86.69,83.9,87.76,85.26,
reasoning,3,reasoning_L3_v1,1,1,92.65,93.79,89.22,86.81,88.21,92.2,88.81,89,92.53,84.44,87.96,91.54,91.92,90.1,92.11,87.65,85.94,90.96,90.03,88.09,92.8,86.44,85.03,84.34,84.77,82.83,85.56,78.72,81.25,83.8,
reasoning,3,reasoning_L3_v2,1,2,95.64,93.79,89.22,89.4,88.21,92.2,88.37,89,92.53,91.59,87.96,91.54,94.81,90.1,92.11,80.79,85.94,90.96,92.24,88.09,92.8,84.12,85.03,84.34,77.57,82.83,85.56,84.58,81.25,83.8,
reasoning,3,reasoning_L3_v3,1,3,93.08,93.79,89.22,88.43,88.21,92.2,89.83,89,92.53,87.86,87.96,91.54,83.56,90.1,92.11,89.39,85.94,90.96,82,88.09,92.8,84.52,85.03,84.34,86.16,82.83,85.56,80.45,81.25,83.8,
reasoning,3,reasoning_L3_v1,2,1,89.64,91.36,89.22,93.05,93.38,92.2,91.46,92.01,92.53,87.88,88.78,91.54,93.01,92.6,92.11,95.03,93.55,90.96,93.1,92.71,92.8,84.08,85.23,84.34,86.94,84.22,85.56,83.95,87.01,83.8,
reasoning,3,reasoning_L3_v2,2,2,98.63,91.36,89.22,93.08,93.38,92.2,94.43,92.01,92.53,91.81,88.78,91.54,92.4,92.6,92.11,94.03,93.55,90.96,95.06,92.71,92.8,90.2,85.23,84.34,86.13,84.22,85.56,91.48,87.01,83.8,
reasoning,3,reasoning_L3_v3,2,3,85.81,91.36,89.22,94.02,93.38,92.2,90.14,92.01,92.53,86.64,88.78,91.54,92.4,92.6,92.11,91.6,93.55,90.96,89.97,92.71,92.8,81.42,85.23,84.34,79.58,84.22,85.56,85.6,87.01,83.8,
reasoning,3,reasoning_L3_v1,3,1,88.71,88.84,89.22,94.76,95.69,92.2,92.31,94.37,92.53,91.65,93.9,91.54,93.64,93.58,92.11,92.31,92.63,90.96,96.88,94.99,92.8,90.24,90.15,84.34,85.12,85.32,85.56,90.13,90.83,83.8,
reasoning,3,reasoning_L3_v2,3,2,82.42,88.84,89.22,95.54,95.69,92.2,96.42,94.37,92.53,95.06,93.9,91.54,92.5,93.58,92.11,90.5,92.63,90.96,93.2,94.99,92.8,91.73,90.15,84.34,86.92,85.32,85.56,91.26,90.83,83.8,
reasoning,3,reasoning_L3_v3,3,3,95.4,88.84,89.22,96.76,95.69,92.2,94.38,94.37,92.53,95,93.9,91.54,94.6,93.58,92.11,95.08,92.63,90.96,94.9,94.99,92.8,88.47,90.15,84.34,83.93,85.32,85.56,91.09,90.83,83.8,
reasoning,3,reasoning_L3_v1,4,1,79.62,87.11,89.22,91.44,91.41,92.2,89.98,92.6,92.53,89.09,91.09,91.54,89.96,90.59,92.11,89.01,90.31,90.96,86.35,91.69,92.8,87.27,83.29,84.34,87.53,85.89,85.56,79.22,81.23,83.8,
reasoning,3,reasoning_L3_v2,4,2,89.86,87.11,89.22,91.64,91.41,92.2,95.59,92.6,92.53,93.58,91.09,91.54,88.11,90.59,92.11,93.98,90.31,90.96,95.61,91.69,92.8,83.02,83.29,84.34,84.63,85.89,85.56,82.78,81.23,83.8,
reasoning,3,reasoning_L3_v3,4,3,91.84,87.11,89.22,91.15,91.41,92.2,92.22,92.6,92.53,90.61,91.09,91.54,93.71,90.59,92.11,87.94,90.31,90.96,93.1,91.69,92.8,79.57,83.29,84.34,85.52,85.89,85.56,81.68,81.23,83.8,
reasoning,3,reasoning_L3_v1,5,1,88.96,92.54,89.22,88.63,92.15,92.2,95.98,95.82,92.53,92.74,91.38,91.54,96.75,95.87,92.11,93.34,93.66,90.96,96.48,95.42,92.8,85.84,84.26,84.34,91.44,89.09,85.56,84.39,83.38,83.8,
reasoning,3,reasoning_L3_v2,5,2,91.43,92.54,89.22,94.16,92.15,92.2,95.88,95.82,92.53,90.2,91.38,91.54,95.65,95.87,92.11,94.02,93.66,90.96,95.76,95.42,92.8,82.17,84.26,84.34,88.6,89.09,85.56,81.4,83.38,83.8,
reasoning,3,reasoning_L3_v3,5,3,97.22,92.54,89.22,93.65,92.15,92.2,95.59,95.82,92.53,91.19,91.38,91.54,95.2,95.87,92.11,93.62,93.66,90.96,94.01,95.42,92.8,84.77,84.26,84.34,87.24,89.09,85.56,84.35,83.38,83.8,
reasoning,3,reasoning_L3_v1,6,1,64.13,77.6,89.22,91.45,93.59,92.2,93.2,92.69,92.53,91.88,93.06,91.54,93.11,92.85,92.11,87.16,89.93,90.96,95.07,91.99,92.8,82.21,82.07,84.34,86.93,88.29,85.56,86.96,88,83.8,
reasoning,3,reasoning_L3_v2,6,2,89.43,77.6,89.22,96.68,93.59,92.2,93.42,92.69,92.53,93.48,93.06,91.54,94.57,92.85,92.11,94.05,89.93,90.96,95.79,91.99,92.8,82.1,82.07,84.34,90.33,88.29,85.56,88.35,88,83.8,
reasoning,3,reasoning_L3_v3,6,3,79.23,77.6,89.22,92.64,93.59,92.2,91.44,92.69,92.53,93.81,93.06,91.54,90.87,92.85,92.11,88.57,89.93,90.96,85.11,91.99,92.8,81.91,82.07,84.34,87.61,88.29,85.56,88.7,88,83.8,
reasoning,3,reasoning_L3_v1,7,1,91.49,94.66,89.22,95.87,95.95,92.2,95.18,95.76,92.53,95.59,96.46,91.54,94.29,93.03,92.11,92.67,93.36,90.96,97.23,95.93,92.8,82.59,83.03,84.34,88.54,88.86,85.56,74.04,81.55,83.8,
reasoning,3,reasoning_L3_v2,7,2,94.54,94.66,89.22,94.59,95.95,92.2,95.46,95.76,92.53,96.13,96.46,91.54,93.19,93.03,92.11,93.86,93.36,90.96,95.32,95.93,92.8,81.93,83.03,84.34,87.3,88.86,85.56,84.37,81.55,83.8,
reasoning,3,reasoning_L3_v3,7,3,97.94,94.66,89.22,97.39,95.95,92.2,96.65,95.76,92.53,97.67,96.46,91.54,91.61,93.03,92.11,93.55,93.36,90.96,95.23,95.93,92.8,84.58,83.03,84.34,90.73,88.86,85.56,86.23,81.55,83.8,
reasoning,3,reasoning_L3_v1,8,1,92.69,90.95,89.22,92.75,92.33,92.2,91.17,92.55,92.53,91.59,89.91,91.54,91.96,92.6,92.11,92.03,92.27,90.96,93.07,94.77,92.8,80.57,85.27,84.34,78.49,85.09,85.56,83.65,84.59,83.8,
reasoning,3,reasoning_L3_v2,8,2,91.38,90.95,89.22,92.44,92.33,92.2,95.91,92.55,92.53,89.89,89.91,91.54,94.75,92.6,92.11,92.02,92.27,90.96,96.04,94.77,92.8,89.2,85.27,84.34,90.89,85.09,85.56,87.85,84.59,83.8,
reasoning,3,reasoning_L3_v3,8,3,88.79,90.95,89.22,91.8,92.33,92.2,90.56,92.55,92.53,88.24,89.91,91.54,91.08,92.6,92.11,92.77,92.27,90.96,95.21,94.77,92.8,86.03,85.27,84.34,85.9,85.09,85.56,82.28,84.59,83.8,
reasoning,3,reasoning_L3_v1,9,1,79.88,88.12,89.22,85.03,88.89,92.2,88.51,89.7,92.53,89.42,89.44,91.54,92.56,92.74,92.11,91.36,88.03,90.96,87.03,89.99,92.8,79.58,79.06,84.34,82.66,79.07,85.56,75.63,77.18,83.8,
reasoning,3,reasoning_L3_v2,9,2,91.87,88.12,89.22,88.72,88.89,92.2,88.26,89.7,92.53,86.93,89.44,91.54,93.94,92.74,92.11,87,88.03,90.96,87.97,89.99,92.8,76.96,79.06,84.34,76.2,79.07,85.56,71.31,77.18,83.8,
reasoning,3,reasoning_L3_v3,9,3,92.62,88.12,89.22,92.93,88.89,92.2,92.33,89.7,92.53,91.98,89.44,91.54,91.71,92.74,92.11,85.73,88.03,90.96,94.98,89.99,92.8,80.64,79.06,84.34,78.35,79.07,85.56,84.6,77.18,83.8,
reasoning,3,reasoning_L3_v1,10,1,79.73,87.22,89.22,90.98,90.39,92.2,88.58,90.8,92.53,92.59,93.44,91.54,89.55,87.11,92.11,91.38,89.91,90.96,96.16,92.41,92.8,89.5,85.97,84.34,88.53,86.95,85.56,85.69,82.97,83.8,
reasoning,3,reasoning_L3_v2,10,2,89.41,87.22,89.22,89.38,90.39,92.2,93.47,90.8,92.53,93.4,93.44,91.54,83.33,87.11,92.11,90.98,89.91,90.96,90.34,92.41,92.8,89.96,85.97,84.34,88.95,86.95,85.56,85.79,82.97,83.8,
reasoning,3,reasoning_L3_v3,10,3,92.53,87.22,89.22,90.82,90.39,92.2,90.34,90.8,92.53,94.32,93.44,91.54,88.46,87.11,92.11,87.37,89.91,90.96,90.73,92.41,92.8,78.44,85.97,84.34,83.37,86.95,85.56,77.43,82.97,83.8,
reasoning,4,reasoning_L4_v1,1,1,80.94,84.37,86.13,85.62,86.33,91.22,89.71,89.65,91.27,91.23,89.23,90.6,93.01,87.43,90.95,88.67,88.9,90.91,93.2,89.96,91.57,86.72,87.27,85.32,86.78,87.57,84.77,78.01,80.12,83.72,
reasoning,4,reasoning_L4_v2,1,2,85.56,84.37,86.13,86.06,86.33,91.22,87.5,89.65,91.27,85.84,89.23,90.6,82.32,87.43,90.95,90,88.9,90.91,87.99,89.96,91.57,87.78,87.27,85.32,84.81,87.57,84.77,81.34,80.12,83.72,
reasoning,4,reasoning_L4_v3,1,3,86.62,84.37,86.13,87.31,86.33,91.22,91.75,89.65,91.27,90.61,89.23,90.6,86.97,87.43,90.95,88.03,88.9,90.91,88.68,89.96,91.57,87.32,87.27,85.32,91.13,87.57,84.77,81,80.12,83.72,
reasoning,4,reasoning_L4_v1,2,1,89.22,84.76,86.13,93.56,92.69,91.22,85.47,87.95,91.27,87.69,88.88,90.6,93.15,93.62,90.95,92.73,94.31,90.91,93.21,92.51,91.57,84.73,86.42,85.32,87.26,83.78,84.77,88.81,89.06,83.72,
reasoning,4,reasoning_L4_v2,2,2,77.06,84.76,86.13,92.92,92.69,91.22,90.36,87.95,91.27,89.66,88.88,90.6,94.46,93.62,90.95,94.66,94.31,90.91,90.79,92.51,91.57,86.91,86.42,85.32,80.92,83.78,84.77,90.08,89.06,83.72,
reasoning,4,reasoning_L4_v3,2,3,88.01,84.76,86.13,91.58,92.69,91.22,88.02,87.95,91.27,89.29,88.88,90.6,93.25,93.62,90.95,95.53,94.31,90.91,93.53,92.51,91.57,87.63,86.42,85.32,83.15,83.78,84.77,88.3,89.06,83.72,
reasoning,4,reasoning_L4_v1,3,1,84.65,87.36,86.13,91,92.15,91.22,92.23,93.04,91.27,89.57,91.73,90.6,92.8,92.06,90.95,91.86,91.25,90.91,94.08,93.28,91.57,85.88,89.78,85.32,88.67,84.85,84.77,89.71,89.4,83.72,
reasoning,4,reasoning_L4_v2,3,2,85.93,87.36,86.13,92.18,92.15,91.22,92.07,93.04,91.27,92.02,91.73,90.6,89.5,92.06,90.95,89.27,91.25,90.91,91.85,93.28,91.57,90.72,89.78,85.32,78.83,84.85,84.77,87.84,89.4,83.72,
reasoning,4,reasoning_L4_v3,3,3,91.51,87.36,86.13,93.27,92.15,91.22,94.81,93.04,91.27,93.6,91.73,90.6,93.88,92.06,90.95,92.63,91.25,90.91,93.9,93.28,91.57,92.73,89.78,85.32,87.04,84.85,84.77,90.64,89.4,83.72,
reasoning,4,reasoning_L4_v1,4,1,86.22,87.64,86.13,89.76,91.18,91.22,89.19,90.53,91.27,88.3,89.86,90.6,92.88,89.35,90.95,88.46,90.38,90.91,94.54,88.74,91.57,84.82,84.65,85.32,79.88,82.43,84.77,80.32,79.78,83.72,
reasoning,4,reasoning_L4_v2,4,2,90.42,87.64,86.13,92.7,91.18,91.22,87.01,90.53,91.27,88.7,89.86,90.6,91.28,89.35,90.95,91.91,90.38,90.91,86.81,88.74,91.57,83.07,84.65,85.32,82.43,82.43,84.77,79.6,79.78,83.72,
reasoning,4,reasoning_L4_v3,4,3,86.27,87.64,86.13,91.09,91.18,91.22,95.38,90.53,91.27,92.58,89.86,90.6,83.89,89.35,90.95,90.76,90.38,90.91,84.87,88.74,91.57,86.07,84.65,85.32,84.98,82.43,84.77,79.43,79.78,83.72,
reasoning,4,reasoning_L4_v1,5,1,89.47,85.94,86.13,92.23,91.5,91.22,94.67,95.35,91.27,92.14,91.22,90.6,95.58,93.17,90.95,94.01,93.99,90.91,94.25,95.26,91.57,83.72,85.19,85.32,75.73,83.3,84.77,75.63,82.49,83.72,
reasoning,4,reasoning_L4_v2,5,2,92.64,85.94,86.13,90.06,91.5,91.22,97.34,95.35,91.27,91.75,91.22,90.6,94.43,93.17,90.95,94.66,93.99,90.91,98.16,95.26,91.57,85.36,85.19,85.32,85.26,83.3,84.77,89.79,82.49,83.72,
reasoning,4,reasoning_L4_v3,5,3,75.72,85.94,86.13,92.21,91.5,91.22,94.03,95.35,91.27,89.78,91.22,90.6,89.49,93.17,90.95,93.31,93.99,90.91,93.36,95.26,91.57,86.48,85.19,85.32,88.9,83.3,84.77,82.04,82.49,83.72,
reasoning,4,reasoning_L4_v1,6,1,82.88,82.46,86.13,93.59,95.98,91.22,94.02,94.45,91.27,93.09,93.78,90.6,91.29,92.35,90.95,87.34,91.21,90.91,89.38,90.36,91.57,77.04,79.59,85.32,87.76,86.05,84.77,90.19,88.16,83.72,
reasoning,4,reasoning_L4_v2,6,2,77.71,82.46,86.13,97.25,95.98,91.22,95,94.45,91.27,93.6,93.78,90.6,92.91,92.35,90.95,92.14,91.21,90.91,88.45,90.36,91.57,83.66,79.59,85.32,82.13,86.05,84.77,88.74,88.16,83.72,
reasoning,4,reasoning_L4_v3,6,3,86.79,82.46,86.13,97.11,95.98,91.22,94.34,94.45,91.27,94.64,93.78,90.6,92.86,92.35,90.95,94.16,91.21,90.91,93.26,90.36,91.57,78.08,79.59,85.32,88.27,86.05,84.77,85.54,88.16,83.72,
reasoning,4,reasoning_L4_v1,7,1,94.63,93.87,86.13,97.38,95.46,91.22,94.81,95.08,91.27,95.48,96.42,90.6,94.03,92.09,90.95,94.53,95.4,90.91,94.57,93.94,91.57,82.98,84.06,85.32,86.97,88.94,84.77,83.22,83.26,83.72,
reasoning,4,reasoning_L4_v2,7,2,90.6,93.87,86.13,93.61,95.46,91.22,92.29,95.08,91.27,96.59,96.42,90.6,89.39,92.09,90.95,95.37,95.4,90.91,93.61,93.94,91.57,85.97,84.06,85.32,91.41,88.94,84.77,82.1,83.26,83.72,
reasoning,4,reasoning_L4_v3,7,3,96.38,93.87,86.13,95.39,95.46,91.22,98.13,95.08,91.27,97.2,96.42,90.6,92.85,92.09,90.95,96.29,95.4,90.91,93.65,93.94,91.57,83.23,84.06,85.32,88.44,88.94,84.77,84.47,83.26,83.72,
reasoning,4,reasoning_L4_v1,8,1,78.53,79.27,86.13,92.08,90,91.22,88.05,89.82,91.27,85.26,83.76,90.6,92.41,89.21,90.95,89.63,83.05,90.91,89.12,87.47,91.57,84.72,81.2,85.32,81.47,81.16,84.77,83.08,81.85,83.72,
reasoning,4,reasoning_L4_v2,8,2,90.04,79.27,86.13,95.14,90,91.22,93.81,89.82,91.27,88.79,83.76,90.6,96.32,89.21,90.95,88.96,83.05,90.91,92.43,87.47,91.57,83.02,81.2,85.32,85.38,81.16,84.77,87.43,81.85,83.72,
reasoning,4,reasoning_L4_v3,8,3,69.23,79.27,86.13,82.78,90,91.22,87.61,89.82,91.27,77.24,83.76,90.6,78.91,89.21,90.95,70.56,83.05,90.91,80.86,87.47,91.57,75.87,81.2,85.32,76.63,81.16,84.77,75.03,81.85,83.72,
reasoning,4,reasoning_L4_v1,9,1,85.38,88.5,86.13,83.32,86.36,91.22,85.39,87.15,91.27,95.18,90.81,90.6,86.67,91.06,90.95,92.34,91.42,90.91,91.7,91.94,91.57,91.37,86.81,85.32,88.19,83.58,84.77,68.82,76.03,83.72,
reasoning,4,reasoning_L4_v2,9,2,85.47,88.5,86.13,86.97,86.36,91.22,90.68,87.15,91.27,89.91,90.81,90.6,91.52,91.06,90.95,88.78,91.42,90.91,90.37,91.94,91.57,78.23,86.81,85.32,75.51,83.58,84.77,78.28,76.03,83.72,
reasoning,4,reasoning_L4_v3,9,3,94.65,88.5,86.13,88.79,86.36,91.22,85.38,87.15,91.27,87.35,90.81,90.6,95,91.06,90.95,93.15,91.42,90.91,93.74,91.94,91.57,90.83,86.81,85.32,87.04,83.58,84.77,80.98,76.03,83.72,
reasoning,4,reasoning_L4_v1,10,1,90.17,87.09,86.13,94.29,90.6,91.22,90.75,89.66,91.27,93.82,90.34,90.6,90.42,89.13,90.95,90.68,89.16,90.91,93.67,92.28,91.57,87.18,88.18,85.32,89.81,86,84.77,85.9,87.09,83.72,
reasoning,4,reasoning_L4_v2,10,2,84.82,87.09,86.13,84.26,90.6,91.22,92.63,89.66,91.27,88.25,90.34,90.6,92.26,89.13,90.95,89.01,89.16,90.91,92.93,92.28,91.57,89.6,88.18,85.32,81.02,86,84.77,88.91,87.09,83.72,
reasoning,4,reasoning_L4_v3,10,3,86.27,87.09,86.13,93.24,90.6,91.22,85.61,89.66,91.27,88.95,90.34,90.6,84.71,89.13,90.95,87.78,89.16,90.91,90.25,92.28,91.57,87.77,88.18,85.32,87.18,86,84.77,86.47,87.09,83.72,
reasoning,5,reasoning_L5_v1,1,1,79.57,77.68,77.86,78.19,70.59,83,85.4,78.6,83.48,82.17,78.08,82.68,77.85,80.56,85.76,77.39,79.68,84.58,81.93,81.33,85,86.08,82.85,81.77,86.41,83.02,81.64,78.1,75.89,79.55,
reasoning,5,reasoning_L5_v2,1,2,72.74,77.68,77.86,59.93,70.59,83,76.47,78.6,83.48,70.01,78.08,82.68,84.72,80.56,85.76,78.47,79.68,84.58,81.73,81.33,85,73.73,82.85,81.77,76.75,83.02,81.64,66.78,75.89,79.55,
reasoning,5,reasoning_L5_v3,1,3,80.74,77.68,77.86,73.64,70.59,83,73.94,78.6,83.48,82.06,78.08,82.68,79.11,80.56,85.76,83.18,79.68,84.58,80.33,81.33,85,88.75,82.85,81.77,85.89,83.02,81.64,82.79,75.89,79.55,
reasoning,5,reasoning_L5_v1,2,1,86.83,83.04,77.86,95.74,93.02,83,89.24,90.16,83.48,85.52,86.59,82.68,91.99,88.84,85.76,95.14,92.38,84.58,94.02,89.36,85,85.88,84.94,81.77,86.02,82.56,81.64,86.51,85.01,79.55,
reasoning,5,reasoning_L5_v2,2,2,83.23,83.04,77.86,92.83,93.02,83,91.1,90.16,83.48,88.83,86.59,82.68,87.08,88.84,85.76,92.31,92.38,84.58,89.38,89.36,85,85.81,84.94,81.77,82.19,82.56,81.64,84.03,85.01,79.55,
reasoning,5,reasoning_L5_v3,2,3,79.07,83.04,77.86,90.5,93.02,83,90.13,90.16,83.48,85.43,86.59,82.68,87.45,88.84,85.76,89.7,92.38,84.58,84.67,89.36,85,83.12,84.94,81.77,79.48,82.56,81.64,84.48,85.01,79.55,
reasoning,5,reasoning_L5_v1,3,1,86.28,74.68,77.86,90.37,87.59,83,89.85,84.92,83.48,90.47,88.02,82.68,91.32,89.26,85.76,87.57,84.03,84.58,93.52,87.06,85,90.57,86.92,81.77,79.02,80.9,81.64,84.91,82.85,79.55,
reasoning,5,reasoning_L5_v2,3,2,64.79,74.68,77.86,88.25,87.59,83,82.69,84.92,83.48,86.78,88.02,82.68,88.94,89.26,85.76,82.18,84.03,84.58,84.13,87.06,85,86.44,86.92,81.77,80.35,80.9,81.64,79.94,82.85,79.55,
reasoning,5,reasoning_L5_v3,3,3,72.98,74.68,77.86,84.15,87.59,83,82.21,84.92,83.48,86.8,88.02,82.68,87.52,89.26,85.76,82.34,84.03,84.58,83.54,87.06,85,83.76,86.92,81.77,83.33,80.9,81.64,83.7,82.85,79.55,
reasoning,5,reasoning_L5_v1,4,1,65.38,68.68,77.86,78.29,72.44,83,79.75,78.76,83.48,81.31,77.31,82.68,77.3,81.58,85.76,74.48,77.51,84.58,69.24,77.13,85,73.2,71.54,81.77,70.98,69.7,81.64,74.29,69.92,79.55,
reasoning,5,reasoning_L5_v2,4,2,48,68.68,77.86,52.33,72.44,83,68.05,78.76,83.48,67.05,77.31,82.68,77.32,81.58,85.76,70.26,77.51,84.58,75.65,77.13,85,60.89,71.54,81.77,58.63,69.7,81.64,57.58,69.92,79.55,
reasoning,5,reasoning_L5_v3,4,3,92.67,68.68,77.86,86.69,72.44,83,88.48,78.76,83.48,83.57,77.31,82.68,90.12,81.58,85.76,87.79,77.51,84.58,86.51,77.13,85,80.52,71.54,81.77,79.48,69.7,81.64,77.88,69.92,79.55,
reasoning,5,reasoning_L5_v1,5,1,81.78,84.72,77.86,86.41,87.54,83,73.16,81.61,83.48,82.98,82.21,82.68,86,89.69,85.76,86.38,88.25,84.58,85.71,88.91,85,84.96,83.95,81.77,85.2,86.82,81.64,79,78.86,79.55,
reasoning,5,reasoning_L5_v2,5,2,84.11,84.72,77.86,86.21,87.54,83,83.97,81.61,83.48,78.81,82.21,82.68,91.94,89.69,85.76,87.95,88.25,84.58,91.69,88.91,85,78.36,83.95,81.77,87.22,86.82,81.64,79.13,78.86,79.55,
reasoning,5,reasoning_L5_v3,5,3,88.26,84.72,77.86,89.99,87.54,83,87.71,81.61,83.48,84.85,82.21,82.68,91.12,89.69,85.76,90.41,88.25,84.58,89.33,88.91,85,88.53,83.95,81.77,88.05,86.82,81.64,78.46,78.86,79.55,
reasoning,5,reasoning_L5_v1,6,1,75.49,78.34,77.86,92.97,91.16,83,89.37,87.2,83.48,90.55,88.82,82.68,88.95,88.5,85.76,88.89,86.89,84.58,91.35,90.79,85,78.75,77.62,81.77,83.6,84.63,81.64,85.66,85.92,79.55,
reasoning,5,reasoning_L5_v2,6,2,81.94,78.34,77.86,88.26,91.16,83,82.91,87.2,83.48,84.84,88.82,82.68,82.72,88.5,85.76,85.08,86.89,84.58,88.4,90.79,85,75.77,77.62,81.77,86.18,84.63,81.64,85.89,85.92,79.55,
reasoning,5,reasoning_L5_v3,6,3,77.58,78.34,77.86,92.25,91.16,83,89.32,87.2,83.48,91.08,88.82,82.68,93.82,88.5,85.76,86.69,86.89,84.58,92.63,90.79,85,78.33,77.62,81.77,84.12,84.63,81.64,86.2,85.92,79.55,
reasoning,5,reasoning_L5_v1,7,1,90.83,85.29,77.86,90.01,86.21,83,94.07,91.19,83.48,90.55,87.22,82.68,85.28,88.54,85.76,88.1,91.57,84.58,85.76,89.16,85,83.63,85.69,81.77,87.25,87.16,81.64,85.26,83.25,79.55,
reasoning,5,reasoning_L5_v2,7,2,89.89,85.29,77.86,85.66,86.21,83,90.09,91.19,83.48,87.36,87.22,82.68,90.31,88.54,85.76,93.3,91.57,84.58,91.28,89.16,85,87.33,85.69,81.77,86.77,87.16,81.64,83.87,83.25,79.55,
reasoning,5,reasoning_L5_v3,7,3,75.14,85.29,77.86,82.95,86.21,83,89.41,91.19,83.48,83.75,87.22,82.68,90.02,88.54,85.76,93.31,91.57,84.58,90.43,89.16,85,86.1,85.69,81.77,87.45,87.16,81.64,80.62,83.25,79.55,
reasoning,5,reasoning_L5_v1,8,1,77.61,67.87,77.86,82.42,80.46,83,82.75,82.57,83.48,81.91,78.05,82.68,84.56,79.56,85.76,86.93,84.02,84.58,89.13,83.42,85,77.95,77.89,81.77,81.53,79.73,81.64,80.12,79.44,79.55,
reasoning,5,reasoning_L5_v2,8,2,53.36,67.87,77.86,78.85,80.46,83,81.78,82.57,83.48,75.18,78.05,82.68,71.12,79.56,85.76,75.65,84.02,84.58,77.3,83.42,85,76.04,77.89,81.77,75.63,79.73,81.64,75.6,79.44,79.55,
reasoning,5,reasoning_L5_v3,8,3,72.65,67.87,77.86,80.12,80.46,83,83.19,82.57,83.48,77.05,78.05,82.68,82.99,79.56,85.76,89.47,84.02,84.58,83.83,83.42,85,79.68,77.89,81.77,82.03,79.73,81.64,82.6,79.44,79.55,
reasoning,5,reasoning_L5_v1,9,1,81.31,87.3,77.86,84.65,83.9,83,77.51,80.98,83.48,73.06,80,82.68,84.4,82.67,85.76,81.93,80.08,84.58,75.79,78.43,85,86.78,87.36,81.77,81.47,83.6,81.64,79.17,80.83,79.55,
reasoning,5,reasoning_L5_v2,9,2,90.24,87.3,77.86,82.77,83.9,83,83.15,80.98,83.48,84.43,80,82.68,83.79,82.67,85.76,80.27,80.08,84.58,80.26,78.43,85,90.78,87.36,81.77,84.39,83.6,81.64,79.32,80.83,79.55,
reasoning,5,reasoning_L5_v3,9,3,90.35,87.3,77.86,84.27,83.9,83,82.28,80.98,83.48,82.51,80,82.68,79.82,82.67,85.76,78.04,80.08,84.58,79.24,78.43,85,84.51,87.36,81.77,84.95,83.6,81.64,84.01,80.83,79.55,
reasoning,5,reasoning_L5_v1,10,1,52.1,70.99,77.86,67.03,77.12,83,70.01,78.78,83.48,70.49,80.48,82.68,82.12,88.39,85.76,69.25,81.37,84.58,70.72,84.39,85,70.7,78.98,81.77,75,78.28,81.64,64.15,73.57,79.55,
reasoning,5,reasoning_L5_v2,10,2,81.24,70.99,77.86,74.35,77.12,83,79.15,78.78,83.48,83.13,80.48,82.68,90.58,88.39,85.76,87.4,81.37,84.58,90.68,84.39,85,79.48,78.98,81.77,81.38,78.28,81.64,76.45,73.57,79.55,
reasoning,5,reasoning_L5_v3,10,3,79.64,70.99,77.86,89.97,77.12,83,87.18,78.78,83.48,87.81,80.48,82.68,92.47,88.39,85.76,87.45,81.37,84.58,91.77,84.39,85,86.76,78.98,81.77,78.46,78.28,81.64,80.12,73.57,79.55,
logical,1,logical_L1_v1,1,1,100,99.15,96.73,98.38,93.07,91.69,87.93,89.92,93.15,86.51,90.82,91.74,96.74,96.55,91.81,96.86,96.59,92.83,100,98.37,95.12,89.06,85.8,86.01,84.26,83.28,84.69,100,83.15,88.1,
logical,1,logical_L1_v2,1,2,98.59,99.15,96.73,87.78,93.07,91.69,87.28,89.92,93.15,91.13,90.82,91.74,96.66,96.55,91.81,97.83,96.59,92.83,98.25,98.37,95.12,84.67,85.8,86.01,86.42,83.28,84.69,71.79,83.15,88.1,
logical,1,logical_L1_v3,1,3,98.85,99.15,96.73,93.04,93.07,91.69,94.56,89.92,93.15,94.83,90.82,91.74,96.25,96.55,91.81,95.07,96.59,92.83,96.87,98.37,95.12,83.66,85.8,86.01,79.16,83.28,84.69,77.66,83.15,88.1,
logical,1,logical_L1_v1,2,1,91.38,94.03,96.73,95.42,93.18,91.69,84.74,83.41,93.15,96.07,92.64,91.74,91.31,92.22,91.81,89.84,89.44,92.83,95.26,95.03,95.12,83.5,86.44,86.01,80.64,80.46,84.69,87.51,83.9,88.1,
logical,1,logical_L1_v2,2,2,98.2,94.03,96.73,95.04,93.18,91.69,88.74,83.41,93.15,90.65,92.64,91.74,94.27,92.22,91.81,90.46,89.44,92.83,96.27,95.03,95.12,85.55,86.44,86.01,83.64,80.46,84.69,83.73,83.9,88.1,
logical,1,logical_L1_v3,2,3,92.5,94.03,96.73,89.08,93.18,91.69,76.75,83.41,93.15,91.19,92.64,91.74,91.07,92.22,91.81,88.01,89.44,92.83,93.55,95.03,95.12,90.26,86.44,86.01,77.11,80.46,84.69,80.47,83.9,88.1,
logical,1,logical_L1_v1,3,1,97.72,98.25,96.73,87.09,85.6,91.69,99.78,96.87,93.15,93.93,93.05,91.74,89.41,89.42,91.81,87.87,83.18,92.83,82.49,87.58,95.12,81.71,83.91,86.01,83.68,85.49,84.69,82.85,87.87,88.1,
logical,1,logical_L1_v2,3,2,98,98.25,96.73,87.67,85.6,91.69,91.41,96.87,93.15,95.01,93.05,91.74,87.71,89.42,91.81,84.93,83.18,92.83,92.32,87.58,95.12,84.86,83.91,86.01,84.28,85.49,84.69,92.05,87.87,88.1,
logical,1,logical_L1_v3,3,3,99.02,98.25,96.73,82.05,85.6,91.69,99.42,96.87,93.15,90.22,93.05,91.74,91.13,89.42,91.81,76.75,83.18,92.83,87.92,87.58,95.12,85.16,83.91,86.01,88.51,85.49,84.69,88.71,87.87,88.1,
logical,1,logical_L1_v1,4,1,89.85,92.35,96.73,89.57,90.02,91.69,94.94,92.27,93.15,88.09,85.54,91.74,91.74,92.39,91.81,94.46,90.29,92.83,89.65,91.2,95.12,71.71,80.18,86.01,85.09,83.41,84.69,85.68,81.68,88.1,
logical,1,logical_L1_v2,4,2,96.1,92.35,96.73,94.68,90.02,91.69,89.92,92.27,93.15,88.56,85.54,91.74,92.71,92.39,91.81,88.67,90.29,92.83,93.56,91.2,95.12,81.86,80.18,86.01,87.85,83.41,84.69,79.21,81.68,88.1,
logical,1,logical_L1_v3,4,3,91.1,92.35,96.73,85.82,90.02,91.69,91.94,92.27,93.15,79.97,85.54,91.74,92.72,92.39,91.81,87.75,90.29,92.83,90.39,91.2,95.12,86.96,80.18,86.01,77.3,83.41,84.69,80.15,81.68,88.1,
logical,1,logical_L1_v1,5,1,98.76,99.27,96.73,91.09,91.87,91.69,98.65,97.86,93.15,93.08,96.7,91.74,88.82,89.32,91.81,98.23,96.73,92.83,98.86,99.02,95.12,86.91,88.01,86.01,81.8,84.52,84.69,89.44,91.1,88.1,
logical,1,logical_L1_v2,5,2,99.04,99.27,96.73,93.29,91.87,91.69,96.94,97.86,93.15,97.61,96.7,91.74,92.11,89.32,91.81,93.27,96.73,92.83,98.19,99.02,95.12,86.48,88.01,86.01,83.58,84.52,84.69,83.85,91.1,88.1,
logical,1,logical_L1_v3,5,3,100,99.27,96.73,91.24,91.87,91.69,97.99,97.86,93.15,99.41,96.7,91.74,87.03,89.32,91.81,98.69,96.73,92.83,100,99.02,95.12,90.65,88.01,86.01,88.18,84.52,84.69,100,91.1,88.1,
logical,1,logical_L1_v1,6,1,99.41,96.36,96.73,95.99,94.7,91.69,94.41,94.99,93.15,88.65,91.13,91.74,94.39,94.59,91.81,92.01,92.67,92.83,93.28,93.55,95.12,87.21,87.58,86.01,87.65,85.8,84.69,84.76,87.31,88.1,
logical,1,logical_L1_v2,6,2,94.25,96.36,96.73,95.4,94.7,91.69,93.79,94.99,93.15,91.35,91.13,91.74,95.03,94.59,91.81,93.05,92.67,92.83,93.55,93.55,95.12,84.08,87.58,86.01,84.5,85.8,84.69,83.64,87.31,88.1,
logical,1,logical_L1_v3,6,3,95.41,96.36,96.73,92.72,94.7,91.69,96.77,94.99,93.15,93.4,91.13,91.74,94.35,94.59,91.81,92.95,92.67,92.83,93.83,93.55,95.12,91.46,87.58,86.01,85.26,85.8,84.69,93.54,87.31,88.1,
logical,1,logical_L1_v1,7,1,98.46,97.14,96.73,94.53,91.98,91.69,93.91,94.4,93.15,96.09,92.59,91.74,91.12,93.18,91.81,94.13,93.83,92.83,94.91,94.79,95.12,92,92.94,86.01,89.93,88.47,84.69,88.08,87.57,88.1,
logical,1,logical_L1_v2,7,2,95.35,97.14,96.73,91.29,91.98,91.69,94.5,94.4,93.15,89.52,92.59,91.74,95.53,93.18,91.81,91.15,93.83,92.83,97.13,94.79,95.12,94.91,92.94,86.01,86.44,88.47,84.69,88.25,87.57,88.1,
logical,1,logical_L1_v3,7,3,97.62,97.14,96.73,90.13,91.98,91.69,94.79,94.4,93.15,92.15,92.59,91.74,92.89,93.18,91.81,96.22,93.83,92.83,92.34,94.79,95.12,91.92,92.94,86.01,89.03,88.47,84.69,86.39,87.57,88.1,
logical,1,logical_L1_v1,8,1,100,98.45,96.73,100,95.27,91.69,95.24,95.06,93.15,97.93,94.16,91.74,92.08,83.19,91.81,95.73,95.38,92.83,100,97.53,95.12,86.46,82.37,86.01,87.57,86.58,84.69,100,93.03,88.1,
logical,1,logical_L1_v2,8,2,97.62,98.45,96.73,92.85,95.27,91.69,94.32,95.06,93.15,89.88,94.16,91.74,73.31,83.19,91.81,95.75,95.38,92.83,95.65,97.53,95.12,85.86,82.37,86.01,85.93,86.58,84.69,90.82,93.03,88.1,
logical,1,logical_L1_v3,8,3,97.73,98.45,96.73,92.96,95.27,91.69,95.62,95.06,93.15,94.68,94.16,91.74,84.19,83.19,91.81,94.65,95.38,92.83,96.95,97.53,95.12,74.79,82.37,86.01,86.23,86.58,84.69,88.28,93.03,88.1,
logical,1,logical_L1_v1,9,1,100,97.99,96.73,90.76,88.98,91.69,89.23,90.09,93.15,90.62,88.82,91.74,91.47,92.61,91.81,95.66,94.43,92.83,100,96.85,95.12,88.98,88.12,86.01,84.82,84.24,84.69,100,90.79,88.1,
logical,1,logical_L1_v2,9,2,95.72,97.99,96.73,82.61,88.98,91.69,89.94,90.09,93.15,89.16,88.82,91.74,91.55,92.61,91.81,91.32,94.43,92.83,95.14,96.85,95.12,89.18,88.12,86.01,88.45,84.24,84.69,87.69,90.79,88.1,
logical,1,logical_L1_v3,9,3,98.24,97.99,96.73,93.57,88.98,91.69,91.09,90.09,93.15,86.69,88.82,91.74,94.8,92.61,91.81,96.31,94.43,92.83,95.42,96.85,95.12,86.2,88.12,86.01,79.46,84.24,84.69,84.68,90.79,88.1,
logical,1,logical_L1_v1,10,1,97.55,94.37,96.73,94.93,92.19,91.69,96.38,96.64,93.15,91.89,91.99,91.74,94.82,94.61,91.81,96.95,95.76,92.83,97.39,97.28,95.12,80.59,84.71,86.01,84.84,84.67,84.69,95.32,94.56,88.1,
logical,1,logical_L1_v2,10,2,85.56,94.37,96.73,88.65,92.19,91.69,96.34,96.64,93.15,92.21,91.99,91.74,94.47,94.61,91.81,95.05,95.76,92.83,94.44,97.28,95.12,85.85,84.71,86.01,86.69,84.67,84.69,88.35,94.56,88.1,
logical,1,logical_L1_v3,10,3,100,94.37,96.73,93,92.19,91.69,97.19,96.64,93.15,91.87,91.99,91.74,94.54,94.61,91.81,95.28,95.76,92.83,100,97.28,95.12,87.7,84.71,86.01,82.48,84.67,84.69,100,94.56,88.1,
logical,2,logical_L2_v1,1,1,94.85,95.79,94.84,87.5,88.03,89.08,90.35,90.38,91.44,88.12,88.86,90.88,95.42,93.86,91.91,95.45,92.89,91.54,98.07,95.67,92.87,64.57,77.1,84.88,81.33,83.77,84.91,82.04,80.91,84.68,
logical,2,logical_L2_v2,1,2,96.91,95.79,94.84,89.28,88.03,89.08,91.51,90.38,91.44,88.14,88.86,90.88,92.35,93.86,91.91,94.28,92.89,91.54,93.46,95.67,92.87,88.21,77.1,84.88,83.94,83.77,84.91,79.63,80.91,84.68,
logical,2,logical_L2_v3,1,3,95.6,95.79,94.84,87.3,88.03,89.08,89.29,90.38,91.44,90.32,88.86,90.88,93.8,93.86,91.91,88.93,92.89,91.54,95.49,95.67,92.87,78.53,77.1,84.88,86.03,83.77,84.91,81.05,80.91,84.68,
logical,2,logical_L2_v1,2,1,90.5,93.19,94.84,85.32,91.35,89.08,82.76,87.9,91.44,87.25,91.86,90.88,85.47,88.78,91.91,84.39,89.29,91.54,89.83,91.5,92.87,84.65,83.14,84.88,78.53,81.31,84.91,74.64,74.29,84.68,
logical,2,logical_L2_v2,2,2,91.83,93.19,94.84,93.16,91.35,89.08,86.11,87.9,91.44,93.03,91.86,90.88,93.96,88.78,91.91,92.11,89.29,91.54,93.15,91.5,92.87,76.14,83.14,84.88,81.64,81.31,84.91,74.98,74.29,84.68,
logical,2,logical_L2_v3,2,3,97.24,93.19,94.84,95.58,91.35,89.08,94.84,87.9,91.44,95.31,91.86,90.88,86.9,88.78,91.91,91.38,89.29,91.54,91.52,91.5,92.87,88.63,83.14,84.88,83.77,81.31,84.91,73.26,74.29,84.68,
logical,2,logical_L2_v1,3,1,96.01,93.28,94.84,83,85.66,89.08,87.13,85.3,91.44,89.52,87.65,90.88,89.45,89.02,91.91,83.74,83.66,91.54,90.11,88.18,92.87,81.06,81.61,84.88,87.24,83.68,84.91,83.91,84.04,84.68,
logical,2,logical_L2_v2,3,2,95.82,93.28,94.84,89.74,85.66,89.08,84.03,85.3,91.44,83.64,87.65,90.88,93.51,89.02,91.91,85.43,83.66,91.54,85.76,88.18,92.87,81,81.61,84.88,87.35,83.68,84.91,84.22,84.04,84.68,
logical,2,logical_L2_v3,3,3,88.01,93.28,94.84,84.24,85.66,89.08,84.73,85.3,91.44,89.79,87.65,90.88,84.11,89.02,91.91,81.81,83.66,91.54,88.67,88.18,92.87,82.77,81.61,84.88,76.46,83.68,84.91,83.98,84.04,84.68,
logical,2,logical_L2_v1,4,1,90.83,93.55,94.84,66.04,73.19,89.08,79.37,88.5,91.44,91.38,96.16,90.88,93.91,91.65,91.91,90.79,91.14,91.54,94.6,92.54,92.87,78.68,81.85,84.88,83.38,85.36,84.91,84.78,83.81,84.68,
logical,2,logical_L2_v2,4,2,93.31,93.55,94.84,76.61,73.19,89.08,97.37,88.5,91.44,99.56,96.16,90.88,90.44,91.65,91.91,90.13,91.14,91.54,93.76,92.54,92.87,82.69,81.85,84.88,86.74,85.36,84.91,82.89,83.81,84.68,
logical,2,logical_L2_v3,4,3,96.52,93.55,94.84,76.93,73.19,89.08,88.77,88.5,91.44,97.54,96.16,90.88,90.6,91.65,91.91,92.49,91.14,91.54,89.26,92.54,92.87,84.19,81.85,84.88,85.97,85.36,84.91,83.75,83.81,84.68,
logical,2,logical_L2_v1,5,1,91.64,94.19,94.84,95.13,92.57,89.08,98.39,97.64,91.44,99.31,97.66,90.88,89.57,89.87,91.91,95.62,95.96,91.54,93.38,95.25,92.87,86.82,86.95,84.88,83.5,83.06,84.91,86.72,85.14,84.68,
logical,2,logical_L2_v2,5,2,93.36,94.19,94.84,92.13,92.57,89.08,94.54,97.64,91.44,94.54,97.66,90.88,91.93,89.87,91.91,96.42,95.96,91.54,98.34,95.25,92.87,86.41,86.95,84.88,80.25,83.06,84.91,83.66,85.14,84.68,
logical,2,logical_L2_v3,5,3,97.57,94.19,94.84,90.44,92.57,89.08,100,97.64,91.44,99.12,97.66,90.88,88.1,89.87,91.91,95.83,95.96,91.54,94.03,95.25,92.87,87.61,86.95,84.88,85.43,83.06,84.91,85.03,85.14,84.68,
logical,2,logical_L2_v1,6,1,98.42,93.94,94.84,95.36,93.1,89.08,96.55,95.58,91.44,95.5,93.04,90.88,94.86,94.86,91.91,92.45,91.98,91.54,93.85,93.09,92.87,92.32,88.98,84.88,84.35,84.12,84.91,87.3,87.66,84.68,
logical,2,logical_L2_v2,6,2,94.22,93.94,94.84,91.7,93.1,89.08,96.17,95.58,91.44,92.57,93.04,90.88,94.46,94.86,91.91,91.78,91.98,91.54,91.21,93.09,92.87,83.63,88.98,84.88,82.32,84.12,84.91,89.42,87.66,84.68,
logical,2,logical_L2_v3,6,3,89.17,93.94,94.84,92.23,93.1,89.08,94.02,95.58,91.44,91.06,93.04,90.88,95.25,94.86,91.91,91.71,91.98,91.54,94.2,93.09,92.87,91,88.98,84.88,85.69,84.12,84.91,86.26,87.66,84.68,
logical,2,logical_L2_v1,7,1,92.78,94.46,94.84,95.34,91.65,89.08,95.01,93.59,91.44,92.52,92.84,90.88,93.8,95.66,91.91,90.02,94.15,91.54,93.78,95.76,92.87,93.03,90.32,84.88,89.44,90.89,84.91,86.81,86.24,84.68,
logical,2,logical_L2_v2,7,2,92.5,94.46,94.84,90.62,91.65,89.08,94.73,93.59,91.44,92.27,92.84,90.88,95.9,95.66,91.91,96.72,94.15,91.54,95.93,95.76,92.87,89.82,90.32,84.88,90.47,90.89,84.91,86.62,86.24,84.68,
logical,2,logical_L2_v3,7,3,98.1,94.46,94.84,89,91.65,89.08,91.02,93.59,91.44,93.72,92.84,90.88,97.29,95.66,91.91,95.72,94.15,91.54,97.58,95.76,92.87,88.1,90.32,84.88,92.77,90.89,84.91,85.28,86.24,84.68,
logical,2,logical_L2_v1,8,1,98.88,98.97,94.84,88.72,90.15,89.08,84.23,89.16,91.44,81.18,79.44,90.88,89.54,88.29,91.91,95.92,92.75,91.54,95.52,93.48,92.87,79.32,81.95,84.88,85.75,86.97,84.91,85.04,85.83,84.68,
logical,2,logical_L2_v2,8,2,99.8,98.97,94.84,94.61,90.15,89.08,92.41,89.16,91.44,78.82,79.44,90.88,87.07,88.29,91.91,89.89,92.75,91.54,93.54,93.48,92.87,84.12,81.95,84.88,84.69,86.97,84.91,85.92,85.83,84.68,
logical,2,logical_L2_v3,8,3,98.23,98.97,94.84,87.13,90.15,89.08,90.83,89.16,91.44,78.32,79.44,90.88,88.25,88.29,91.91,92.44,92.75,91.54,91.38,93.48,92.87,82.42,81.95,84.88,90.47,86.97,84.91,86.54,85.83,84.68,
logical,2,logical_L2_v1,9,1,97.24,94.42,94.84,88.73,90.1,89.08,92.41,91.23,91.44,90.71,87.7,90.88,90.64,92.53,91.91,87.77,89.02,91.54,89.33,87.27,92.87,84.95,86.99,84.88,85.58,84.75,84.91,84.35,84.61,84.68,
logical,2,logical_L2_v2,9,2,93.89,94.42,94.84,88.9,90.1,89.08,88.83,91.23,91.44,88.23,87.7,90.88,92.5,92.53,91.91,88.4,89.02,91.54,86.32,87.27,92.87,87.14,86.99,84.88,84.36,84.75,84.91,84.64,84.61,84.68,
logical,2,logical_L2_v3,9,3,92.14,94.42,94.84,92.67,90.1,89.08,92.46,91.23,91.44,84.15,87.7,90.88,94.45,92.53,91.91,90.9,89.02,91.54,86.17,87.27,92.87,88.89,86.99,84.88,84.32,84.75,84.91,84.84,84.61,84.68,
logical,2,logical_L2_v1,10,1,99.58,96.57,94.84,94.96,94.98,89.08,94.81,95.13,91.44,93.19,93.54,90.88,94.84,94.62,91.91,96.19,94.51,91.54,95.01,96,92.87,90.59,89.95,84.88,83.12,85.16,84.91,94.1,94.23,84.68,
logical,2,logical_L2_v2,10,2,97.19,96.57,94.84,94.95,94.98,89.08,96.25,95.13,91.44,92.73,93.54,90.88,95.4,94.62,91.91,95.8,94.51,91.54,97.25,96,92.87,91.78,89.95,84.88,85.19,85.16,84.91,95.99,94.23,84.68,
logical,2,logical_L2_v3,10,3,92.94,96.57,94.84,95.04,94.98,89.08,94.32,95.13,91.44,94.71,93.54,90.88,93.61,94.62,91.91,91.54,94.51,91.54,95.73,96,92.87,87.48,89.95,84.88,87.17,85.16,84.91,92.59,94.23,84.68,
logical,3,logical_L3_v1,1,1,95.35,95.93,88.58,87.81,87.62,86.76,87.41,88.12,88.58,90.33,88.27,89.19,90.23,89.62,89.69,89.22,86.29,88.55,92.71,90.96,89.46,84.92,84.45,82.95,86.65,83.89,82.12,83.16,81.39,81.14,
logical,3,logical_L3_v2,1,2,96.86,95.93,88.58,88.4,87.62,86.76,88.02,88.12,88.58,89.24,88.27,89.19,94.7,89.62,89.69,88.47,86.29,88.55,93.3,90.96,89.46,81.64,84.45,82.95,81.07,83.89,82.12,80.28,81.39,81.14,
logical,3,logical_L3_v3,1,3,95.57,95.93,88.58,86.64,87.62,86.76,88.92,88.12,88.58,85.25,88.27,89.19,83.94,89.62,89.69,81.18,86.29,88.55,86.87,90.96,89.46,86.78,84.45,82.95,83.96,83.89,82.12,80.73,81.39,81.14,
logical,3,logical_L3_v1,2,1,88.03,90.61,88.58,88.52,92.24,86.76,83.23,85.52,88.58,92.49,94.02,89.19,89.94,92.31,89.69,91.94,90.23,88.55,89.25,91.97,89.46,82.23,83.65,82.95,82.19,80.03,82.12,69.64,73.43,81.14,
logical,3,logical_L3_v2,2,2,91.27,90.61,88.58,96.14,92.24,86.76,84.89,85.52,88.58,96.97,94.02,89.19,93.72,92.31,89.69,88.07,90.23,88.55,96.15,91.97,89.46,85.59,83.65,82.95,75.68,80.03,82.12,76.31,73.43,81.14,
logical,3,logical_L3_v3,2,3,92.54,90.61,88.58,92.06,92.24,86.76,88.44,85.52,88.58,92.59,94.02,89.19,93.27,92.31,89.69,90.67,90.23,88.55,90.51,91.97,89.46,83.13,83.65,82.95,82.21,80.03,82.12,74.34,73.43,81.14,
logical,3,logical_L3_v1,3,1,91.37,85.81,88.58,88.06,83.6,86.76,96.71,86.17,88.58,94.17,83.37,89.19,91.35,90.17,89.69,84.39,80.63,88.55,90.87,87.48,89.46,84.28,81.03,82.95,87.55,78.54,82.12,88.44,80.94,81.14,
logical,3,logical_L3_v2,3,2,83.09,85.81,88.58,74.92,83.6,86.76,75.96,86.17,88.58,74.53,83.37,89.19,90.87,90.17,89.69,74.73,80.63,88.55,83.02,87.48,89.46,75.99,81.03,82.95,64.64,78.54,82.12,76.92,80.94,81.14,
logical,3,logical_L3_v3,3,3,82.97,85.81,88.58,87.83,83.6,86.76,85.84,86.17,88.58,81.42,83.37,89.19,88.3,90.17,89.69,82.77,80.63,88.55,88.56,87.48,89.46,82.82,81.03,82.95,83.44,78.54,82.12,77.45,80.94,81.14,
logical,3,logical_L3_v1,4,1,91.03,95.01,88.58,73.58,75.8,86.76,96.05,97.47,88.58,96.81,94.72,89.19,88.93,91.64,89.69,89.87,91.32,88.55,90.43,90.96,89.46,82.68,80.42,82.95,85.43,84.55,82.12,79.97,83.28,81.14,
logical,3,logical_L3_v2,4,2,97.1,95.01,88.58,76.47,75.8,86.76,96.89,97.47,88.58,88.07,94.72,89.19,92.91,91.64,89.69,94.35,91.32,88.55,88.75,90.96,89.46,78.66,80.42,82.95,86.76,84.55,82.12,88.01,83.28,81.14,
logical,3,logical_L3_v3,4,3,96.91,95.01,88.58,77.36,75.8,86.76,99.48,97.47,88.58,99.29,94.72,89.19,93.09,91.64,89.69,89.74,91.32,88.55,93.7,90.96,89.46,79.91,80.42,82.95,81.47,84.55,82.12,81.85,83.28,81.14,
logical,3,logical_L3_v1,5,1,76.5,80.58,88.58,87.41,86.45,86.76,87.72,86.54,88.58,89.51,88.47,89.19,82.66,82.44,89.69,93.08,86.44,88.55,93.9,84.08,89.46,82.58,78.74,82.95,71.33,72.72,82.12,78.41,78.08,81.14,
logical,3,logical_L3_v2,5,2,82.84,80.58,88.58,80.89,86.45,86.76,80.21,86.54,88.58,84,88.47,89.19,75.97,82.44,89.69,74.59,86.44,88.55,72.32,84.08,89.46,76.86,78.74,82.95,73.14,72.72,82.12,77.98,78.08,81.14,
logical,3,logical_L3_v3,5,3,82.4,80.58,88.58,91.04,86.45,86.76,91.69,86.54,88.58,91.91,88.47,89.19,88.68,82.44,89.69,91.64,86.44,88.55,86.01,84.08,89.46,76.79,78.74,82.95,73.69,72.72,82.12,77.84,78.08,81.14,
logical,3,logical_L3_v1,6,1,93.97,91.52,88.58,89.4,86.24,86.76,95.43,91.22,88.58,95.29,94.33,89.19,93.59,93.38,89.69,93.51,91.73,88.55,93.61,93.11,89.46,86.98,83.19,82.95,85.05,82.4,82.12,88.09,83.5,81.14,
logical,3,logical_L3_v2,6,2,91.47,91.52,88.58,82.37,86.24,86.76,89.41,91.22,88.58,93.27,94.33,89.19,90.94,93.38,89.69,89.95,91.73,88.55,91.42,93.11,89.46,83.57,83.19,82.95,74.87,82.4,82.12,77.51,83.5,81.14,
logical,3,logical_L3_v3,6,3,89.11,91.52,88.58,86.96,86.24,86.76,88.81,91.22,88.58,94.44,94.33,89.19,95.62,93.38,89.69,91.72,91.73,88.55,94.31,93.11,89.46,79.03,83.19,82.95,87.29,82.4,82.12,84.91,83.5,81.14,
logical,3,logical_L3_v1,7,1,86.52,88.63,88.58,90.26,91.1,86.76,95.35,92.09,88.58,94.79,91.85,89.19,90.65,89,89.69,89.3,87.8,88.55,86.17,86.77,89.46,90.79,87.55,82.95,89,89.32,82.12,77.02,78.73,81.14,
logical,3,logical_L3_v2,7,2,92.42,88.63,88.58,91.15,91.1,86.76,89.96,92.09,88.58,88.56,91.85,89.19,89.54,89,89.69,88.72,87.8,88.55,88.54,86.77,89.46,82,87.55,82.95,90.12,89.32,82.12,77.63,78.73,81.14,
logical,3,logical_L3_v3,7,3,86.95,88.63,88.58,91.88,91.1,86.76,90.96,92.09,88.58,92.19,91.85,89.19,86.8,89,89.69,85.39,87.8,88.55,85.61,86.77,89.46,89.86,87.55,82.95,88.85,89.32,82.12,81.54,78.73,81.14,
logical,3,logical_L3_v1,8,1,81.24,89.73,88.58,86.39,84.73,86.76,76.24,78.5,88.58,80.05,79.84,89.19,85.56,87.37,89.69,91.42,89.29,88.55,82.69,87.57,89.46,77.72,80.65,82.95,81.59,83.38,82.12,78.48,79.75,81.14,
logical,3,logical_L3_v2,8,2,92.49,89.73,88.58,82.47,84.73,86.76,78.03,78.5,88.58,78.84,79.84,89.19,87.68,87.37,89.69,83.39,89.29,88.55,84.61,87.57,89.46,84.25,80.65,82.95,80.17,83.38,82.12,79.94,79.75,81.14,
logical,3,logical_L3_v3,8,3,95.46,89.73,88.58,85.33,84.73,86.76,81.22,78.5,88.58,80.62,79.84,89.19,88.86,87.37,89.69,93.07,89.29,88.55,95.42,87.57,89.46,79.98,80.65,82.95,88.37,83.38,82.12,80.83,79.75,81.14,
logical,3,logical_L3_v1,9,1,89.09,80.53,88.58,90.83,87.64,86.76,92.41,87.51,88.58,83.47,85.72,89.19,87.95,87.99,89.69,88.03,87.68,88.55,88.53,88.36,89.46,85.84,85.04,82.95,87.86,85.41,82.12,88.83,85.3,81.14,
logical,3,logical_L3_v2,9,2,96.91,80.53,88.58,91.21,87.64,86.76,90.07,87.51,88.58,93.16,85.72,89.19,90.79,87.99,89.69,93.07,87.68,88.55,89.66,88.36,89.46,86.67,85.04,82.95,88.92,85.41,82.12,85.24,85.3,81.14,
logical,3,logical_L3_v3,9,3,55.6,80.53,88.58,80.88,87.64,86.76,80.04,87.51,88.58,80.52,85.72,89.19,85.24,87.99,89.69,81.94,87.68,88.55,86.89,88.36,89.46,82.61,85.04,82.95,79.45,85.41,82.12,81.84,85.3,81.14,
logical,3,logical_L3_v1,10,1,91.87,87.43,88.58,96.05,92.23,86.76,95.71,92.62,88.58,92.16,91.34,89.19,93.24,92.94,89.69,93.17,94.08,88.55,94.23,93.38,89.46,85,84.8,82.95,84.35,80.92,82.12,89.16,86.98,81.14,
logical,3,logical_L3_v2,10,2,88.23,87.43,88.58,89.95,92.23,86.76,90.82,92.62,88.58,92.39,91.34,89.19,93.81,92.94,89.69,95.67,94.08,88.55,92.63,93.38,89.46,86.82,84.8,82.95,85.08,80.92,82.12,86.48,86.98,81.14,
logical,3,logical_L3_v3,10,3,82.2,87.43,88.58,90.7,92.23,86.76,91.34,92.62,88.58,89.48,91.34,89.19,91.76,92.94,89.69,93.41,94.08,88.55,93.27,93.38,89.46,82.58,84.8,82.95,73.34,80.92,82.12,85.31,86.98,81.14,
logical,4,logical_L4_v1,1,1,85.49,88.44,84.19,89.02,86.26,87.72,92.14,89.55,87.94,90.86,88.18,88.26,92.94,90.66,89.75,90.9,90.99,89.25,93.85,91.62,90.77,78.29,83.29,83.17,77.33,81.5,83.03,72.1,75.96,81.82,
logical,4,logical_L4_v2,1,2,92.08,88.44,84.19,87.12,86.26,87.72,90.55,89.55,87.94,86.45,88.18,88.26,91.3,90.66,89.75,94.26,90.99,89.25,92.49,91.62,90.77,83.84,83.29,83.17,85.83,81.5,83.03,77.24,75.96,81.82,
logical,4,logical_L4_v3,1,3,87.76,88.44,84.19,82.64,86.26,87.72,85.95,89.55,87.94,87.23,88.18,88.26,87.73,90.66,89.75,87.81,90.99,89.25,88.52,91.62,90.77,87.73,83.29,83.17,81.33,81.5,83.03,78.54,75.96,81.82,
logical,4,logical_L4_v1,2,1,75.52,82.01,84.19,89.52,90.14,87.72,79.25,83.4,87.94,90.5,92.27,88.26,92.17,93.05,89.75,84.62,88.89,89.25,90.8,92.41,90.77,86.56,81.26,83.17,82.08,81.28,83.03,81.06,76.99,81.82,
logical,4,logical_L4_v2,2,2,79.28,82.01,84.19,88.82,90.14,87.72,85.44,83.4,87.94,91.71,92.27,88.26,91.03,93.05,89.75,89.87,88.89,89.25,91.06,92.41,90.77,83.42,81.26,83.17,79.8,81.28,83.03,72.61,76.99,81.82,
logical,4,logical_L4_v3,2,3,91.24,82.01,84.19,92.08,90.14,87.72,85.5,83.4,87.94,94.61,92.27,88.26,95.94,93.05,89.75,92.17,88.89,89.25,95.38,92.41,90.77,73.8,81.26,83.17,81.95,81.28,83.03,77.3,76.99,81.82,
logical,4,logical_L4_v1,3,1,91.77,85.98,84.19,85.54,82.07,87.72,86.09,86.05,87.94,86.78,86.51,88.26,88.1,86.23,89.75,80.42,81.06,89.25,83.04,86.87,90.77,84.21,80.78,83.17,87.09,85.2,83.03,79.37,83.6,81.82,
logical,4,logical_L4_v2,3,2,83.37,85.98,84.19,80.09,82.07,87.72,85.23,86.05,87.94,86.18,86.51,88.26,85.64,86.23,89.75,81.21,81.06,89.25,88.15,86.87,90.77,80.17,80.78,83.17,85.2,85.2,83.03,85.38,83.6,81.82,
logical,4,logical_L4_v3,3,3,82.8,85.98,84.19,80.59,82.07,87.72,86.83,86.05,87.94,86.58,86.51,88.26,84.96,86.23,89.75,81.55,81.06,89.25,89.42,86.87,90.77,77.96,80.78,83.17,83.31,85.2,83.03,86.06,83.6,81.82,
logical,4,logical_L4_v1,4,1,81.06,81.23,84.19,86.81,84.21,87.72,80.11,83.11,87.94,87.54,85.2,88.26,90.25,86.03,89.75,89.2,89.26,89.25,87.04,89.21,90.77,83.07,77.66,83.17,81.62,80.14,83.03,81.38,78.97,81.82,
logical,4,logical_L4_v2,4,2,86.03,81.23,84.19,85.53,84.21,87.72,88.06,83.11,87.94,87.55,85.2,88.26,79.75,86.03,89.75,88.12,89.26,89.25,88.44,89.21,90.77,76.97,77.66,83.17,74.13,80.14,83.03,73.73,78.97,81.82,
logical,4,logical_L4_v3,4,3,76.61,81.23,84.19,80.3,84.21,87.72,81.16,83.11,87.94,80.51,85.2,88.26,88.1,86.03,89.75,90.46,89.26,89.25,92.14,89.21,90.77,72.94,77.66,83.17,84.68,80.14,83.03,81.81,78.97,81.82,
logical,4,logical_L4_v1,5,1,78.64,82.05,84.19,87.73,85.41,87.72,90.68,86.86,87.94,89.32,86.08,88.26,90.2,85,89.75,93.95,90.83,89.25,96.74,91.37,90.77,88.47,85.35,83.17,76.94,77.28,83.03,76.57,78.7,81.82,
logical,4,logical_L4_v2,5,2,85.55,82.05,84.19,88.84,85.41,87.72,91.4,86.86,87.94,90.08,86.08,88.26,86.33,85,89.75,92.31,90.83,89.25,93.56,91.37,90.77,82.72,85.35,83.17,77.22,77.28,83.03,78.94,78.7,81.82,
logical,4,logical_L4_v3,5,3,81.97,82.05,84.19,79.66,85.41,87.72,78.5,86.86,87.94,78.85,86.08,88.26,78.47,85,89.75,86.22,90.83,89.25,83.81,91.37,90.77,84.87,85.35,83.17,77.68,77.28,83.03,80.58,78.7,81.82,
logical,4,logical_L4_v1,6,1,88.66,90.37,84.19,92.72,91.05,87.72,94.71,93.65,87.94,93.33,92.78,88.26,93.94,94.07,89.75,93.7,91.95,89.25,95.02,90.87,90.77,82.47,83.75,83.17,84.84,84.77,83.03,88.39,86.03,81.82,
logical,4,logical_L4_v2,6,2,92.73,90.37,84.19,91.74,91.05,87.72,94.53,93.65,87.94,92.76,92.78,88.26,94.08,94.07,89.75,89.92,91.95,89.25,84.51,90.87,90.77,80.55,83.75,83.17,83.79,84.77,83.03,84.87,86.03,81.82,
logical,4,logical_L4_v3,6,3,89.73,90.37,84.19,88.69,91.05,87.72,91.71,93.65,87.94,92.25,92.78,88.26,94.18,94.07,89.75,92.22,91.95,89.25,93.08,90.87,90.77,88.22,83.75,83.17,85.67,84.77,83.03,84.83,86.03,81.82,
logical,4,logical_L4_v1,7,1,82.11,86.18,84.19,84.76,89.32,87.72,89.23,91.58,87.94,80.47,88.7,88.26,89.09,90.06,89.75,81.45,87.07,89.25,87.01,91.15,90.77,85.68,88.56,83.17,86.38,89.65,83.03,88.35,86.11,81.82,
logical,4,logical_L4_v2,7,2,87.55,86.18,84.19,89.79,89.32,87.72,94.35,91.58,87.94,91.84,88.7,88.26,86.77,90.06,89.75,85.69,87.07,89.25,90.15,91.15,90.77,90.89,88.56,83.17,91.76,89.65,83.03,82.6,86.11,81.82,
logical,4,logical_L4_v3,7,3,88.88,86.18,84.19,93.42,89.32,87.72,91.15,91.58,87.94,93.8,88.7,88.26,94.31,90.06,89.75,94.06,87.07,89.25,96.3,91.15,90.77,89.1,88.56,83.17,90.8,89.65,83.03,87.39,86.11,81.82,
logical,4,logical_L4_v1,8,1,83.45,84.79,84.19,93,89,87.72,89.06,83.83,87.94,91.77,85.15,88.26,91.77,89.22,89.75,95.16,92.47,89.25,95.7,91.34,90.77,88,81.11,83.17,87.32,83.49,83.03,82.21,81.07,81.82,
logical,4,logical_L4_v2,8,2,84.4,84.79,84.19,85.46,89,87.72,76.24,83.83,87.94,84.23,85.15,88.26,87.16,89.22,89.75,91.56,92.47,89.25,90.12,91.34,90.77,80.01,81.11,83.17,84.65,83.49,83.03,77.94,81.07,81.82,
logical,4,logical_L4_v3,8,3,86.51,84.79,84.19,88.55,89,87.72,86.18,83.83,87.94,79.46,85.15,88.26,88.74,89.22,89.75,90.69,92.47,89.25,88.19,91.34,90.77,75.31,81.11,83.17,78.5,83.49,83.03,83.07,81.07,81.82,
logical,4,logical_L4_v1,9,1,72.46,80.51,84.19,90.09,89.21,87.72,92.16,91.78,87.94,89.71,87.23,88.26,90.2,90.64,89.75,89.21,88.37,89.25,90.01,90.04,90.77,87.84,87.71,83.17,86.58,86.1,83.03,81.21,84.41,81.82,
logical,4,logical_L4_v2,9,2,80.63,80.51,84.19,88.88,89.21,87.72,92.16,91.78,87.94,86.61,87.23,88.26,93.45,90.64,89.75,90.29,88.37,89.25,90.47,90.04,90.77,86.12,87.71,83.17,87.16,86.1,83.03,86.99,84.41,81.82,
logical,4,logical_L4_v3,9,3,88.45,80.51,84.19,88.65,89.21,87.72,91.03,91.78,87.94,85.37,87.23,88.26,88.28,90.64,89.75,85.62,88.37,89.25,89.63,90.04,90.77,89.18,87.71,83.17,84.56,86.1,83.03,85.02,84.41,81.82,
logical,4,logical_L4_v1,10,1,77.5,80.35,84.19,90.01,90.51,87.72,88.55,89.64,87.94,88.14,90.48,88.26,91.46,92.55,89.75,91.83,91.62,89.25,92.29,92.82,90.77,78.09,82.27,83.17,79.52,80.87,83.03,82.46,86.34,81.82,
logical,4,logical_L4_v2,10,2,77.29,80.35,84.19,89.39,90.51,87.72,88.9,89.64,87.94,89.94,90.48,88.26,92.55,92.55,89.75,91.69,91.62,89.25,93.46,92.82,90.77,80.52,82.27,83.17,78.61,80.87,83.03,87.64,86.34,81.82,
logical,4,logical_L4_v3,10,3,86.25,80.35,84.19,92.14,90.51,87.72,91.46,89.64,87.94,93.35,90.48,88.26,93.63,92.55,89.75,91.35,91.62,89.25,92.71,92.82,90.77,88.19,82.27,83.17,84.49,80.87,83.03,88.92,86.34,81.82,
logical,5,logical_L5_v1,1,1,82.58,83.26,77.46,82.08,82.8,81.25,83.51,85.41,82.18,87.01,87.14,82.77,87.31,87.1,81.18,85.08,86.33,81.45,82.53,85.72,80.91,81.09,81.84,79.7,74.72,78.9,78.11,82.27,77.63,77.64,
logical,5,logical_L5_v2,1,2,83.49,83.26,77.46,85.43,82.8,81.25,87.19,85.41,82.18,88.53,87.14,82.77,87.1,87.1,81.18,85.89,86.33,81.45,87.45,85.72,80.91,80.65,81.84,79.7,80.28,78.9,78.11,76.09,77.63,77.64,
logical,5,logical_L5_v3,1,3,83.71,83.26,77.46,80.89,82.8,81.25,85.52,85.41,82.18,85.87,87.14,82.77,86.9,87.1,81.18,88.03,86.33,81.45,87.17,85.72,80.91,83.79,81.84,79.7,81.71,78.9,78.11,74.53,77.63,77.64,
logical,5,logical_L5_v1,2,1,73.79,76.03,77.46,86.89,83.44,81.25,82.07,79.02,82.18,89.41,85.81,82.77,83.04,84.6,81.18,86.4,81.41,81.45,78.09,83.46,80.91,79.23,80.64,79.7,73.82,78.57,78.11,75.5,76.21,77.64,
logical,5,logical_L5_v2,2,2,76.58,76.03,77.46,82.09,83.44,81.25,76.45,79.02,82.18,83.98,85.81,82.77,83.13,84.6,81.18,67.75,81.41,81.45,86.49,83.46,80.91,85.47,80.64,79.7,81.72,78.57,78.11,81.3,76.21,77.64,
logical,5,logical_L5_v3,2,3,77.72,76.03,77.46,81.33,83.44,81.25,78.54,79.02,82.18,84.05,85.81,82.77,87.62,84.6,81.18,90.07,81.41,81.45,85.8,83.46,80.91,77.21,80.64,79.7,80.16,78.57,78.11,71.84,76.21,77.64,
logical,5,logical_L5_v1,3,1,67.39,76.84,77.46,80.38,77.04,81.25,66.31,71.67,82.18,75.18,76.72,82.77,66.77,72.66,81.18,76.75,71.87,81.45,79.5,80.36,80.91,84.03,80.71,79.7,80.92,80.66,78.11,78.69,79.63,77.64,
logical,5,logical_L5_v2,3,2,83.21,76.84,77.46,73.62,77.04,81.25,70.49,71.67,82.18,77,76.72,82.77,77.55,72.66,81.18,67.88,71.87,81.45,79.44,80.36,80.91,77.09,80.71,79.7,82.4,80.66,78.11,83.17,79.63,77.64,
logical,5,logical_L5_v3,3,3,79.91,76.84,77.46,77.13,77.04,81.25,78.21,71.67,82.18,77.98,76.72,82.77,73.67,72.66,81.18,70.97,71.87,81.45,82.14,80.36,80.91,81.01,80.71,79.7,78.67,80.66,78.11,77.03,79.63,77.64,
logical,5,logical_L5_v1,4,1,86.39,79.5,77.46,64.52,69.22,81.25,71.91,73.28,82.18,73.28,72.22,82.77,79.41,77.27,81.18,84.16,81.4,81.45,80.23,75.35,80.91,72.51,71.68,79.7,69.58,71.08,78.11,72.89,70.89,77.64,
logical,5,logical_L5_v2,4,2,76.46,79.5,77.46,68.3,69.22,81.25,83.46,73.28,82.18,82.23,72.22,82.77,74.12,77.27,81.18,82.27,81.4,81.45,80.46,75.35,80.91,74.25,71.68,79.7,70.71,71.08,78.11,68.07,70.89,77.64,
logical,5,logical_L5_v3,4,3,75.66,79.5,77.46,74.85,69.22,81.25,64.48,73.28,82.18,61.15,72.22,82.77,78.29,77.27,81.18,77.76,81.4,81.45,65.35,75.35,80.91,68.27,71.68,79.7,72.96,71.08,78.11,71.7,70.89,77.64,
logical,5,logical_L5_v1,5,1,83.33,84.37,77.46,83.24,85.37,81.25,86.97,89.86,82.18,82.96,87.55,82.77,76.53,79.32,81.18,87.3,89.5,81.45,89.3,87.07,80.91,79.83,80.27,79.7,71.98,75.29,78.11,77.94,76.67,77.64,
logical,5,logical_L5_v2,5,2,84.91,84.37,77.46,87.36,85.37,81.25,91.3,89.86,82.18,89.26,87.55,82.77,81.29,79.32,81.18,92.2,89.5,81.45,86.18,87.07,80.91,81.54,80.27,79.7,79.16,75.29,78.11,73.33,76.67,77.64,
logical,5,logical_L5_v3,5,3,84.86,84.37,77.46,85.52,85.37,81.25,91.3,89.86,82.18,90.42,87.55,82.77,80.15,79.32,81.18,88.99,89.5,81.45,85.73,87.07,80.91,79.45,80.27,79.7,74.73,75.29,78.11,78.73,76.67,77.64,
logical,5,logical_L5_v1,6,1,69.61,77.19,77.46,83.13,84.08,81.25,86.28,86.62,82.18,83.78,86.08,82.77,84.61,82.86,81.18,87.87,83.17,81.45,80.06,82.3,80.91,87.61,88.3,79.7,76.81,80.07,78.11,86.04,83.46,77.64,
logical,5,logical_L5_v2,6,2,79.13,77.19,77.46,83.87,84.08,81.25,86.4,86.62,82.18,88.5,86.08,82.77,84.38,82.86,81.18,84.4,83.17,81.45,84.98,82.3,80.91,86.95,88.3,79.7,84.11,80.07,78.11,79.52,83.46,77.64,
logical,5,logical_L5_v3,6,3,82.83,77.19,77.46,85.24,84.08,81.25,87.17,86.62,82.18,85.97,86.08,82.77,79.6,82.86,81.18,77.23,83.17,81.45,81.85,82.3,80.91,90.33,88.3,79.7,79.3,80.07,78.11,84.83,83.46,77.64,
logical,5,logical_L5_v1,7,1,79.13,77.52,77.46,85.05,85.42,81.25,86.7,87.72,82.18,87.54,86.37,82.77,78.1,77.59,81.18,78.51,79.11,81.45,73.21,77.03,80.91,82.83,86.03,79.7,82.22,82.75,78.11,71.3,75.89,77.64,
logical,5,logical_L5_v2,7,2,72.1,77.52,77.46,85.02,85.42,81.25,87.81,87.72,82.18,87.26,86.37,82.77,75.47,77.59,81.18,80.35,79.11,81.45,79.4,77.03,80.91,84.52,86.03,79.7,83.44,82.75,78.11,74.49,75.89,77.64,
logical,5,logical_L5_v3,7,3,81.33,77.52,77.46,86.2,85.42,81.25,88.65,87.72,82.18,84.32,86.37,82.77,79.21,77.59,81.18,78.46,79.11,81.45,78.49,77.03,80.91,90.73,86.03,79.7,82.59,82.75,78.11,81.89,75.89,77.64,
logical,5,logical_L5_v1,8,1,79.09,77.82,77.46,76.19,72.7,81.25,79.45,77.34,82.18,79.97,71.56,82.77,75.01,82.89,81.18,74.3,75.96,81.45,66.93,70.88,80.91,68.44,68.72,79.7,77.98,74.34,78.11,73.34,72.06,77.64,
logical,5,logical_L5_v2,8,2,82.5,77.82,77.46,79.96,72.7,81.25,80.94,77.34,82.18,69.12,71.56,82.77,85.78,82.89,81.18,83.9,75.96,81.45,81.94,70.88,80.91,75.1,68.72,79.7,85.28,74.34,78.11,75.17,72.06,77.64,
logical,5,logical_L5_v3,8,3,71.86,77.82,77.46,61.94,72.7,81.25,71.63,77.34,82.18,65.59,71.56,82.77,87.89,82.89,81.18,69.67,75.96,81.45,63.76,70.88,80.91,62.61,68.72,79.7,59.75,74.34,78.11,67.68,72.06,77.64,
logical,5,logical_L5_v1,9,1,64.47,70.32,77.46,84.48,85.86,81.25,77.61,81.36,82.18,84.43,84.02,82.77,71.33,77.5,81.18,72.64,77.07,81.45,69.93,77.53,80.91,80.88,77.83,79.7,77.86,79.5,78.11,82.93,81.33,77.64,
logical,5,logical_L5_v2,9,2,74.88,70.32,77.46,80.98,85.86,81.25,79.77,81.36,82.18,82.97,84.02,82.77,74.7,77.5,81.18,75.78,77.07,81.45,77.31,77.53,80.91,72.75,77.83,79.7,77.11,79.5,78.11,78.25,81.33,77.64,
logical,5,logical_L5_v3,9,3,71.61,70.32,77.46,92.11,85.86,81.25,86.7,81.36,82.18,84.65,84.02,82.77,86.48,77.5,81.18,82.79,77.07,81.45,85.34,77.53,80.91,79.86,77.83,79.7,83.53,79.5,78.11,82.82,81.33,77.64,
logical,5,logical_L5_v1,10,1,69.72,71.79,77.46,79.46,86.53,81.25,87.6,89.5,82.18,87.03,90.26,82.77,86.84,89.99,81.18,86.11,88.71,81.45,88.59,89.45,80.91,72.32,81.04,79.7,81.42,79.96,78.11,80.4,82.66,77.64,
logical,5,logical_L5_v2,10,2,75.81,71.79,77.46,91.8,86.53,81.25,89.93,89.5,82.18,93.13,90.26,82.77,92.94,89.99,81.18,90.5,88.71,81.45,93.73,89.45,80.91,85.94,81.04,79.7,80.23,79.96,78.11,84.06,82.66,77.64,
logical,5,logical_L5_v3,10,3,69.85,71.79,77.46,88.34,86.53,81.25,90.96,89.5,82.18,90.63,90.26,82.77,90.19,89.99,81.18,89.51,88.71,81.45,86.02,89.45,80.91,84.86,81.04,79.7,78.22,79.96,78.11,83.51,82.66,77.64,
classification,1,classification_L1_v1,1,1,100,98.89,97.2,94.97,91.95,93.77,91.39,91.15,92.3,95.01,91.94,92.3,96.27,95.33,93.07,95.72,95.62,93.22,100,99.13,96.67,88.58,90.03,86.55,88.31,86.84,85.54,100,95.54,92.91,
classification,1,classification_L1_v2,1,2,100,98.89,97.2,86.74,91.95,93.77,94.14,91.15,92.3,94.15,91.94,92.3,96.54,95.33,93.07,94.94,95.62,93.22,100,99.13,96.67,90.03,90.03,86.55,84.2,86.84,85.54,100,95.54,92.91,
classification,1,classification_L1_v3,1,3,96.66,98.89,97.2,94.13,91.95,93.77,87.92,91.15,92.3,86.67,91.94,92.3,93.18,95.33,93.07,96.2,95.62,93.22,97.39,99.13,96.67,91.48,90.03,86.55,88,86.84,85.54,86.61,95.54,92.91,
classification,1,classification_L1_v1,2,1,98.91,96.73,97.2,96.09,93.02,93.77,92.38,85.16,92.3,97.16,90.42,92.3,95.36,92.14,93.07,93.33,92.53,93.22,96.75,95.3,96.67,89.99,87.65,86.55,84.77,83.82,85.54,86.18,88.11,92.91,
classification,1,classification_L1_v2,2,2,91.27,96.73,97.2,89.15,93.02,93.77,73.25,85.16,92.3,80.08,90.42,92.3,89.46,92.14,93.07,88.53,92.53,93.22,89.16,95.3,96.67,86.03,87.65,86.55,79.52,83.82,85.54,78.14,88.11,92.91,
classification,1,classification_L1_v3,2,3,100,96.73,97.2,93.81,93.02,93.77,89.84,85.16,92.3,94.01,90.42,92.3,91.61,92.14,93.07,95.73,92.53,93.22,100,95.3,96.67,86.92,87.65,86.55,87.18,83.82,85.54,100,88.11,92.91,
classification,1,classification_L1_v1,3,1,94.58,98.19,97.2,94.39,95.8,93.77,95.99,97.42,92.3,94.16,94.77,92.3,95.19,96.89,93.07,95.46,95.39,93.22,94.44,98.15,96.67,84.25,87.62,86.55,71.14,78.92,85.54,76.29,92.1,92.91,
classification,1,classification_L1_v2,3,2,100,98.19,97.2,95.73,95.8,93.77,98.33,97.42,92.3,91.64,94.77,92.3,97.75,96.89,93.07,94.39,95.39,93.22,100,98.15,96.67,88.67,87.62,86.55,82.38,78.92,85.54,100,92.1,92.91,
classification,1,classification_L1_v3,3,3,100,98.19,97.2,97.27,95.8,93.77,97.94,97.42,92.3,98.5,94.77,92.3,97.74,96.89,93.07,96.32,95.39,93.22,100,98.15,96.67,89.93,87.62,86.55,83.24,78.92,85.54,100,92.1,92.91,
classification,1,classification_L1_v1,4,1,100,97.53,97.2,98.41,98.47,93.77,92.42,91.69,92.3,97.96,95.94,92.3,93.54,95.61,93.07,96.97,97.01,93.22,100,99.53,96.67,91.85,89.32,86.55,93.5,89.53,85.54,100,95.75,92.91,
classification,1,classification_L1_v2,4,2,92.6,97.53,97.2,97.72,98.47,93.77,91.54,91.69,92.3,94.75,95.94,92.3,97.56,95.61,93.07,96.76,97.01,93.22,98.58,99.53,96.67,87.27,89.32,86.55,89.6,89.53,85.54,87.24,95.75,92.91,
classification,1,classification_L1_v3,4,3,100,97.53,97.2,99.29,98.47,93.77,91.1,91.69,92.3,95.12,95.94,92.3,95.72,95.61,93.07,97.29,97.01,93.22,100,99.53,96.67,88.84,89.32,86.55,85.48,89.53,85.54,100,95.75,92.91,
classification,1,classification_L1_v1,5,1,86.68,93.66,97.2,93.24,91.55,93.77,91.45,93.34,92.3,92.76,88.84,92.3,92.24,92.45,93.07,91.5,90.48,93.22,95.25,95.42,96.67,82.85,84.32,86.55,85.66,85.08,85.54,90.7,92.38,92.91,
classification,1,classification_L1_v2,5,2,99.07,93.66,97.2,88.11,91.55,93.77,94.59,93.34,92.3,86.44,88.84,92.3,93.42,92.45,93.07,91.82,90.48,93.22,97.04,95.42,96.67,88.5,84.32,86.55,87.81,85.08,85.54,91.39,92.38,92.91,
classification,1,classification_L1_v3,5,3,95.22,93.66,97.2,93.29,91.55,93.77,93.97,93.34,92.3,87.32,88.84,92.3,91.7,92.45,93.07,88.13,90.48,93.22,93.97,95.42,96.67,81.6,84.32,86.55,81.76,85.08,85.54,95.04,92.38,92.91,
classification,1,classification_L1_v1,6,1,95.34,98.28,97.2,94.27,95.41,93.77,94.26,95.95,92.3,98.09,96.38,92.3,94.64,94.06,93.07,92.15,92.4,93.22,95.27,97.63,96.67,76.78,84.19,86.55,89.24,89.6,85.54,87.41,93.43,92.91,
classification,1,classification_L1_v2,6,2,100,98.28,97.2,97.25,95.41,93.77,95.56,95.95,92.3,92.98,96.38,92.3,93.23,94.06,93.07,92.37,92.4,93.22,100,97.63,96.67,92.36,84.19,86.55,91.06,89.6,85.54,100,93.43,92.91,
classification,1,classification_L1_v3,6,3,99.5,98.28,97.2,94.7,95.41,93.77,98.04,95.95,92.3,98.06,96.38,92.3,94.31,94.06,93.07,92.67,92.4,93.22,97.62,97.63,96.67,83.44,84.19,86.55,88.51,89.6,85.54,92.89,93.43,92.91,
classification,1,classification_L1_v1,7,1,100,100,97.2,93.07,92.91,93.77,93.86,93.58,92.3,94.07,93.8,92.3,94.03,91.89,93.07,92.31,91.07,93.22,100,100,96.67,83.22,83.59,86.55,83.87,88.61,85.54,100,100,92.91,
classification,1,classification_L1_v2,7,2,100,100,97.2,93.2,92.91,93.77,94.99,93.58,92.3,93.16,93.8,92.3,88.56,91.89,93.07,89.5,91.07,93.22,100,100,96.67,80.39,83.59,86.55,91.09,88.61,85.54,100,100,92.91,
classification,1,classification_L1_v3,7,3,100,100,97.2,92.45,92.91,93.77,91.89,93.58,92.3,94.16,93.8,92.3,93.09,91.89,93.07,91.39,91.07,93.22,100,100,96.67,87.15,83.59,86.55,90.86,88.61,85.54,100,100,92.91,
classification,1,classification_L1_v1,8,1,100,97.41,97.2,96.28,96.13,93.77,90.3,88.63,92.3,91.21,92.59,92.3,93.48,91.65,93.07,96.77,94.44,93.22,100,96.83,96.67,90.02,88.09,86.55,86.81,86.16,85.54,100,94.18,92.91,
classification,1,classification_L1_v2,8,2,100,97.41,97.2,93.34,96.13,93.77,88.75,88.63,92.3,91.6,92.59,92.3,87.44,91.65,93.07,96.41,94.44,93.22,100,96.83,96.67,83.85,88.09,86.55,85.58,86.16,85.54,100,94.18,92.91,
classification,1,classification_L1_v3,8,3,92.22,97.41,97.2,98.78,96.13,93.77,86.84,88.63,92.3,94.97,92.59,92.3,94.03,91.65,93.07,90.14,94.44,93.22,90.49,96.83,96.67,90.4,88.09,86.55,86.1,86.16,85.54,82.55,94.18,92.91,
classification,1,classification_L1_v1,9,1,96.27,95.81,97.2,85.45,85.36,93.77,93.42,89.84,92.3,84.83,90.56,92.3,87.96,87.05,93.07,93.3,92.47,93.22,95.44,94.9,96.67,78.22,84.05,86.55,76.35,83.45,85.54,83.71,85.86,92.91,
classification,1,classification_L1_v2,9,2,95.83,95.81,97.2,85.4,85.36,93.77,89.29,89.84,92.3,98.97,90.56,92.3,84.85,87.05,93.07,91,92.47,93.22,95.89,94.9,96.67,84.74,84.05,86.55,87.24,83.45,85.54,84.53,85.86,92.91,
classification,1,classification_L1_v3,9,3,95.34,95.81,97.2,85.23,85.36,93.77,86.82,89.84,92.3,87.88,90.56,92.3,88.35,87.05,93.07,93.12,92.47,93.22,93.36,94.9,96.67,89.18,84.05,86.55,86.77,83.45,85.54,89.34,85.86,92.91,
classification,1,classification_L1_v1,10,1,93.17,95.45,97.2,94.1,97.16,93.77,96.64,96.19,92.3,93.88,87.77,92.3,95.65,93.61,93.07,88.74,90.83,93.22,84.99,89.78,96.67,85.85,86.65,86.55,85.6,83.43,85.54,86.36,91.78,92.91,
classification,1,classification_L1_v2,10,2,100,95.45,97.2,99.07,97.16,93.77,97.57,96.19,92.3,85.05,87.77,92.3,95.62,93.61,93.07,93.7,90.83,93.22,100,89.78,96.67,85.57,86.65,86.55,80.14,83.43,85.54,100,91.78,92.91,
classification,1,classification_L1_v3,10,3,93.18,95.45,97.2,98.3,97.16,93.77,94.36,96.19,92.3,84.38,87.77,92.3,89.55,93.61,93.07,90.05,90.83,93.22,84.35,89.78,96.67,88.52,86.65,86.55,84.56,83.43,85.54,88.99,91.78,92.91,
classification,2,classification_L2_v1,1,1,82.11,91.77,94.57,84.52,91.84,92,91.09,93.3,91.9,77.86,88.13,90.72,93.24,93.37,92.97,94.1,92.48,93.17,95.19,93.07,92.26,82.56,86.21,85.3,85.89,87.08,85.65,85.6,88.03,86.2,
classification,2,classification_L2_v2,1,2,98.78,91.77,94.57,94.53,91.84,92,93.89,93.3,91.9,91.31,88.13,90.72,96.23,93.37,92.97,93.42,92.48,93.17,92.41,93.07,92.26,85,86.21,85.3,85.59,87.08,85.65,88.31,88.03,86.2,
classification,2,classification_L2_v3,1,3,94.42,91.77,94.57,96.47,91.84,92,94.91,93.3,91.9,95.21,88.13,90.72,90.63,93.37,92.97,89.93,92.48,93.17,91.6,93.07,92.26,91.07,86.21,85.3,89.76,87.08,85.65,90.19,88.03,86.2,
classification,2,classification_L2_v1,2,1,98.63,95.84,94.57,93.87,91.52,92,77.41,83.81,91.9,90.76,90.78,90.72,93.77,93.46,92.97,93.23,91.86,93.17,95.12,91.85,92.26,82.19,83.68,85.3,89.81,85.13,85.65,87.24,85.79,86.2,
classification,2,classification_L2_v2,2,2,89.9,95.84,94.57,85.65,91.52,92,81.47,83.81,91.9,85.41,90.78,90.72,92.5,93.46,92.97,87.66,91.86,93.17,86.69,91.85,92.26,84.8,83.68,85.3,81.85,85.13,85.65,81.76,85.79,86.2,
classification,2,classification_L2_v3,2,3,98.99,95.84,94.57,95.03,91.52,92,92.56,83.81,91.9,96.16,90.78,90.72,94.11,93.46,92.97,94.69,91.86,93.17,93.75,91.85,92.26,84.06,83.68,85.3,83.72,85.13,85.65,88.37,85.79,86.2,
classification,2,classification_L2_v1,3,1,97.7,96.95,94.57,93.76,91.81,92,96.53,91.71,91.9,84.02,91.93,90.72,95.14,95.63,92.97,96.52,96.44,93.17,94.83,95.63,92.26,88.05,86.06,85.3,77.81,82.01,85.65,88.41,87.21,86.2,
classification,2,classification_L2_v2,3,2,97.11,96.95,94.57,91.68,91.81,92,86.31,91.71,91.9,98.98,91.93,90.72,95.65,95.63,92.97,95.56,96.44,93.17,95.11,95.63,92.26,86.01,86.06,85.3,82.65,82.01,85.65,85.09,87.21,86.2,
classification,2,classification_L2_v3,3,3,96.03,96.95,94.57,89.98,91.81,92,92.28,91.71,91.9,92.79,91.93,90.72,96.1,95.63,92.97,97.24,96.44,93.17,96.96,95.63,92.26,84.13,86.06,85.3,85.57,82.01,85.65,88.13,87.21,86.2,
classification,2,classification_L2_v1,4,1,98.5,93.9,94.57,96.66,91.73,92,95.91,94.76,91.9,96.28,95.16,90.72,95.64,96.86,92.97,94.39,92.77,93.17,90.12,93.18,92.26,85.8,89.23,85.3,89.33,88.09,85.65,90.34,86.72,86.2,
classification,2,classification_L2_v2,4,2,87.3,93.9,94.57,90.9,91.73,92,97.03,94.76,91.9,97.19,95.16,90.72,97.28,96.86,92.97,95.34,92.77,93.17,97.24,93.18,92.26,89.98,89.23,85.3,84.04,88.09,85.65,80.25,86.72,86.2,
classification,2,classification_L2_v3,4,3,95.91,93.9,94.57,87.64,91.73,92,91.34,94.76,91.9,92.01,95.16,90.72,97.66,96.86,92.97,88.59,92.77,93.17,92.19,93.18,92.26,91.9,89.23,85.3,90.89,88.09,85.65,89.57,86.72,86.2,
classification,2,classification_L2_v1,5,1,96.23,91.73,94.57,92.09,88.91,92,87.05,90.71,91.9,89.66,87.9,90.72,91.91,92.86,92.97,96.8,95.23,93.17,93.16,92.21,92.26,73.33,77.93,85.3,85.07,81.74,85.65,88.77,85.61,86.2,
classification,2,classification_L2_v2,5,2,80.19,91.73,94.57,87.92,88.91,92,85.62,90.71,91.9,83.38,87.9,90.72,92.6,92.86,92.97,93.89,95.23,93.17,88.51,92.21,92.26,76.67,77.93,85.3,75.12,81.74,85.65,77.08,85.61,86.2,
classification,2,classification_L2_v3,5,3,98.77,91.73,94.57,86.72,88.91,92,99.47,90.71,91.9,90.67,87.9,90.72,94.07,92.86,92.97,94.99,95.23,93.17,94.97,92.21,92.26,83.79,77.93,85.3,85.02,81.74,85.65,90.98,85.61,86.2,
classification,2,classification_L2_v1,6,1,98.88,98.6,94.57,93.71,94.23,92,94.18,93.88,91.9,96.36,94.8,90.72,92.19,94.31,92.97,92.71,93.85,93.17,95.07,95.39,92.26,86.37,88.88,85.3,87.56,88.78,85.65,85.8,87.38,86.2,
classification,2,classification_L2_v2,6,2,96.93,98.6,94.57,91.83,94.23,92,93.52,93.88,91.9,92.88,94.8,90.72,96.06,94.31,92.97,95.9,93.85,93.17,93.62,95.39,92.26,90.51,88.88,85.3,89.8,88.78,85.65,89.02,87.38,86.2,
classification,2,classification_L2_v3,6,3,100,98.6,94.57,97.15,94.23,92,93.94,93.88,91.9,95.15,94.8,90.72,94.69,94.31,92.97,92.94,93.85,93.17,97.47,95.39,92.26,89.77,88.88,85.3,88.98,88.78,85.65,87.31,87.38,86.2,
classification,2,classification_L2_v1,7,1,97.33,98.21,94.57,93.01,92.23,92,95.22,96.04,91.9,91.22,92.09,90.72,94.22,94.44,92.97,91.69,91.21,93.17,92.26,92.26,92.26,86.03,85.9,85.3,91.05,91.63,85.65,84.87,86.79,86.2,
classification,2,classification_L2_v2,7,2,100,98.21,94.57,92.14,92.23,92,97.21,96.04,91.9,92.51,92.09,90.72,95.42,94.44,92.97,91.03,91.21,93.17,92.26,92.26,92.26,85.61,85.9,85.3,89.14,91.63,85.65,90.48,86.79,86.2,
classification,2,classification_L2_v3,7,3,97.31,98.21,94.57,91.54,92.23,92,95.69,96.04,91.9,92.55,92.09,90.72,93.69,94.44,92.97,90.92,91.21,93.17,92.26,92.26,92.26,86.05,85.9,85.3,94.69,91.63,85.65,85.02,86.79,86.2,
classification,2,classification_L2_v1,8,1,90.9,90.33,94.57,95.6,94.49,92,94.41,93.6,91.9,94.18,94.35,90.72,90.43,91.63,92.97,88.72,90.65,93.17,90.76,89.67,92.26,88.1,86.16,85.3,85.48,88.03,85.65,77.93,77.65,86.2,
classification,2,classification_L2_v2,8,2,81.96,90.33,94.57,93.92,94.49,92,93.33,93.6,91.9,94.15,94.35,90.72,94.59,91.63,92.97,89.73,90.65,93.17,86.75,89.67,92.26,86.06,86.16,85.3,91.67,88.03,85.65,79.44,77.65,86.2,
classification,2,classification_L2_v3,8,3,98.13,90.33,94.57,93.95,94.49,92,93.07,93.6,91.9,94.73,94.35,90.72,89.88,91.63,92.97,93.5,90.65,93.17,91.49,89.67,92.26,84.31,86.16,85.3,86.93,88.03,85.65,75.58,77.65,86.2,
classification,2,classification_L2_v1,9,1,98.75,93.79,94.57,91.83,90.03,92,91.81,89.92,91.9,89.12,85.04,90.72,85.55,86.09,92.97,93.53,94.3,93.17,92.87,93,92.26,81.14,85.53,85.3,86.83,82.12,85.65,85.55,86.7,86.2,
classification,2,classification_L2_v2,9,2,90.36,93.79,94.57,94.12,90.03,92,93.6,89.92,91.9,84.76,85.04,90.72,85.81,86.09,92.97,94.8,94.3,93.17,92.55,93,92.26,87.02,85.53,85.3,79.74,82.12,85.65,89.54,86.7,86.2,
classification,2,classification_L2_v3,9,3,92.26,93.79,94.57,84.14,90.03,92,84.36,89.92,91.9,81.23,85.04,90.72,86.91,86.09,92.97,94.56,94.3,93.17,93.57,93,92.26,88.44,85.53,85.3,79.79,82.12,85.65,85.01,86.7,86.2,
classification,2,classification_L2_v1,10,1,97.7,94.59,94.57,91.38,93.22,92,92.67,91.3,91.9,85.73,87.03,90.72,90.02,91.02,92.97,93.46,92.91,93.17,82.24,86.33,92.26,81.77,83.43,85.3,84.86,81.89,85.65,89.77,90.09,86.2,
classification,2,classification_L2_v2,10,2,100,94.59,94.57,98.08,93.22,92,90.05,91.3,91.9,88.56,87.03,90.72,94.51,91.02,92.97,93.43,92.91,93.17,91.19,86.33,92.26,88.67,83.43,85.3,81.45,81.89,85.65,92.2,90.09,86.2,
classification,2,classification_L2_v3,10,3,86.08,94.59,94.57,90.2,93.22,92,91.17,91.3,91.9,86.8,87.03,90.72,88.53,91.02,92.97,91.84,92.91,93.17,85.56,86.33,92.26,79.84,83.43,85.3,79.35,81.89,85.65,88.3,90.09,86.2,
classification,3,classification_L3_v1,1,1,94.04,87.56,91.98,86.17,91.42,91.49,92.84,91.49,91.69,94.43,93.23,90.68,91.07,92.88,91.14,95.05,92.02,91.45,95.36,94.68,90.93,79.78,85.15,85.68,86.81,87.27,85.21,87.46,83.27,85.06,
classification,3,classification_L3_v2,1,2,80.89,87.56,91.98,92.09,91.42,91.49,96.06,91.49,91.69,92.59,93.23,90.68,95.5,92.88,91.14,93.52,92.02,91.45,95.05,94.68,90.93,90.15,85.15,85.68,86.18,87.27,85.21,80.9,83.27,85.06,
classification,3,classification_L3_v3,1,3,87.75,87.56,91.98,96,91.42,91.49,85.56,91.49,91.69,92.68,93.23,90.68,92.07,92.88,91.14,87.49,92.02,91.45,93.62,94.68,90.93,85.51,85.15,85.68,88.81,87.27,85.21,81.45,83.27,85.06,
classification,3,classification_L3_v1,2,1,94.65,94.96,91.98,85.86,91.64,91.49,81.4,85.6,91.69,83.4,89.23,90.68,85.07,89.61,91.14,82.58,88.59,91.45,80.68,88.36,90.93,87.05,86.65,85.68,86.32,85.85,85.21,79.53,83.35,85.06,
classification,3,classification_L3_v2,2,2,91.54,94.96,91.98,90.28,91.64,91.49,82.85,85.6,91.69,86.77,89.23,90.68,88.35,89.61,91.14,89.28,88.59,91.45,90.74,88.36,90.93,87.94,86.65,85.68,83.92,85.85,85.21,78.89,83.35,85.06,
classification,3,classification_L3_v3,2,3,98.69,94.96,91.98,98.79,91.64,91.49,92.56,85.6,91.69,97.51,89.23,90.68,95.4,89.61,91.14,93.92,88.59,91.45,93.67,88.36,90.93,84.95,86.65,85.68,87.32,85.85,85.21,91.62,83.35,85.06,
classification,3,classification_L3_v1,3,1,100,94.52,91.98,96.46,96.18,91.49,97.36,95.94,91.69,98.5,93.69,90.68,96.13,94.68,91.14,94.62,90.92,91.45,100,93.94,90.93,91.69,86.77,85.68,84.08,82.3,85.21,80.84,84.38,85.06,
classification,3,classification_L3_v2,3,2,91.82,94.52,91.98,96.61,96.18,91.49,96.53,95.94,91.69,96.1,93.69,90.68,94.62,94.68,91.14,87.02,90.92,91.45,94.46,93.94,90.93,83.31,86.77,85.68,83.58,82.3,85.21,90.18,84.38,85.06,
classification,3,classification_L3_v3,3,3,91.75,94.52,91.98,95.46,96.18,91.49,93.93,95.94,91.69,86.48,93.69,90.68,93.3,94.68,91.14,91.13,90.92,91.45,87.37,93.94,90.93,85.31,86.77,85.68,79.25,82.3,85.21,82.13,84.38,85.06,
classification,3,classification_L3_v1,4,1,93.62,85.95,91.98,87.59,87.67,91.49,92.9,91.85,91.69,93.12,90.83,90.68,97.55,87.38,91.14,95.78,91.05,91.45,98.12,88.44,90.93,89.81,88.27,85.68,93.52,88.18,85.21,85.59,83.9,85.06,
classification,3,classification_L3_v2,4,2,83.82,85.95,91.98,90.18,87.67,91.49,92,91.85,91.69,90.92,90.83,90.68,79.75,87.38,91.14,84.28,91.05,91.45,82.72,88.44,90.93,91.53,88.27,85.68,90.05,88.18,85.21,90.5,83.9,85.06,
classification,3,classification_L3_v3,4,3,80.41,85.95,91.98,85.24,87.67,91.49,90.66,91.85,91.69,88.45,90.83,90.68,84.85,87.38,91.14,93.09,91.05,91.45,84.48,88.44,90.93,83.47,88.27,85.68,80.98,88.18,85.21,75.61,83.9,85.06,
classification,3,classification_L3_v1,5,1,98.77,94.9,91.98,86.72,90.66,91.49,93.98,91.59,91.69,89.02,92.61,90.68,92.1,91.97,91.14,96.4,94.63,91.45,94.97,93.34,90.93,77.82,81.08,85.68,87.91,85.9,85.21,90.98,91.22,85.06,
classification,3,classification_L3_v2,5,2,92.55,94.9,91.98,93.68,90.66,91.49,90.22,91.59,91.69,97.66,92.61,90.68,93.47,91.97,91.14,93.38,94.63,91.45,95.35,93.34,90.93,80.07,81.08,85.68,83.49,85.9,85.21,93.73,91.22,85.06,
classification,3,classification_L3_v3,5,3,93.38,94.9,91.98,91.59,90.66,91.49,90.58,91.59,91.69,91.16,92.61,90.68,90.34,91.97,91.14,94.11,94.63,91.45,89.7,93.34,90.93,85.36,81.08,85.68,86.3,85.9,85.21,88.94,91.22,85.06,
classification,3,classification_L3_v1,6,1,92.6,87.76,91.98,85.44,88.18,91.49,85.98,90.79,91.69,85.99,89.49,90.68,93.44,91.46,91.14,90.75,89.98,91.45,95.76,93.96,90.93,87.84,84.84,85.68,88.54,86.85,85.21,87.39,85.69,85.06,
classification,3,classification_L3_v2,6,2,92.02,87.76,91.98,91.82,88.18,91.49,94.51,90.79,91.69,93.14,89.49,90.68,92.94,91.46,91.14,90.8,89.98,91.45,93.08,93.96,90.93,85.05,84.84,85.68,87.27,86.85,85.21,87.16,85.69,85.06,
classification,3,classification_L3_v3,6,3,78.66,87.76,91.98,87.29,88.18,91.49,91.89,90.79,91.69,89.34,89.49,90.68,88.01,91.46,91.14,88.39,89.98,91.45,93.05,93.96,90.93,81.62,84.84,85.68,84.75,86.85,85.21,82.51,85.69,85.06,
classification,3,classification_L3_v1,7,1,90.91,91.97,91.98,94.21,94.25,91.49,95.57,94.44,91.69,91.85,91.42,90.68,89.66,92.33,91.14,89.01,89.38,91.45,91.25,89.84,90.93,86.59,84.99,85.68,90,88.49,85.21,82.87,82.16,85.06,
classification,3,classification_L3_v2,7,2,91.74,91.97,91.98,93.43,94.25,91.49,92.96,94.44,91.69,91.38,91.42,90.68,96.59,92.33,91.14,87.12,89.38,91.45,90.14,89.84,90.93,82.52,84.99,85.68,89.45,88.49,85.21,78.78,82.16,85.06,
classification,3,classification_L3_v3,7,3,93.27,91.97,91.98,95.12,94.25,91.49,94.8,94.44,91.69,91.04,91.42,90.68,90.73,92.33,91.14,92.01,89.38,91.45,88.12,89.84,90.93,85.87,84.99,85.68,86.02,88.49,85.21,84.84,82.16,85.06,
classification,3,classification_L3_v1,8,1,85.69,90.8,91.98,91.19,92.88,91.49,89.65,92.44,91.69,93.36,92.78,90.68,91.15,93.37,91.14,90.09,93.9,91.45,84.45,86.68,90.93,83.87,83.87,85.68,80.24,85.45,85.21,78.82,83.69,85.06,
classification,3,classification_L3_v2,8,2,91.45,90.8,91.98,88.51,92.88,91.49,93.63,92.44,91.69,91.98,92.78,90.68,93.15,93.37,91.14,93.88,93.9,91.45,90.43,86.68,90.93,82.51,83.87,85.68,92.29,85.45,85.21,87.69,83.69,85.06,
classification,3,classification_L3_v3,8,3,95.27,90.8,91.98,98.95,92.88,91.49,94.05,92.44,91.69,92.99,92.78,90.68,95.81,93.37,91.14,97.74,93.9,91.45,85.16,86.68,90.93,85.23,83.87,85.68,83.81,85.45,85.21,84.57,83.69,85.06,
classification,3,classification_L3_v1,9,1,96.24,93.21,91.98,93.55,88.23,91.49,92.62,88.81,91.69,86.4,87.46,90.68,85.61,87.08,91.14,93.87,92.64,91.45,94.53,92.12,90.93,90.04,88.73,85.68,76.71,78.09,85.21,84.97,85.11,85.06,
classification,3,classification_L3_v2,9,2,98.75,93.21,91.98,87.86,88.23,91.49,93.98,88.81,91.69,86.83,87.46,90.68,83.98,87.08,91.14,93.36,92.64,91.45,92.87,92.12,90.93,90.28,88.73,85.68,88.54,78.09,85.21,85.55,85.11,85.06,
classification,3,classification_L3_v3,9,3,84.64,93.21,91.98,83.29,88.23,91.49,79.83,88.81,91.69,89.16,87.46,90.68,91.64,87.08,91.14,90.7,92.64,91.45,88.95,92.12,90.93,85.87,88.73,85.68,69.01,78.09,85.21,84.82,85.11,85.06,
classification,3,classification_L3_v1,10,1,95.59,98.14,91.98,87.43,93.78,91.49,91.16,93.94,91.69,85.29,86.09,90.68,90.32,90.61,91.14,89.8,91.42,91.45,89.98,87.98,90.93,83.45,86.51,85.68,82.3,83.75,85.21,80.28,87.84,85.06,
classification,3,classification_L3_v2,10,2,98.83,98.14,91.98,96.04,93.78,91.49,96.21,93.94,91.69,87.38,86.09,90.68,92.77,90.61,91.14,90.35,91.42,91.45,82.76,87.98,90.93,87.68,86.51,85.68,85.12,83.75,85.21,91.04,87.84,85.06,
classification,3,classification_L3_v3,10,3,100,98.14,91.98,97.86,93.78,91.49,94.45,93.94,91.69,85.61,86.09,90.68,88.73,90.61,91.14,94.11,91.42,91.45,91.19,87.98,90.93,88.39,86.51,85.68,83.82,83.75,85.21,92.2,87.84,85.06,
classification,4,classification_L4_v1,1,1,94.56,92.27,86.94,91.46,89.23,88.78,94.33,90.31,89.24,94.26,90.16,88.71,89.97,92.02,89.32,94.27,94.41,89.48,89.99,92.56,88.75,87.33,87.85,82.91,85.95,85.26,81.98,85.47,86.65,82.7,
classification,4,classification_L4_v2,1,2,90.04,92.27,86.94,85.74,89.23,88.78,86.24,90.31,89.24,85.35,90.16,88.71,95.44,92.02,89.32,94.82,94.41,89.48,94.26,92.56,88.75,84.82,87.85,82.91,81.39,85.26,81.98,88.97,86.65,82.7,
classification,4,classification_L4_v3,1,3,92.22,92.27,86.94,90.5,89.23,88.78,90.35,90.31,89.24,90.88,90.16,88.71,90.66,92.02,89.32,94.15,94.41,89.48,93.42,92.56,88.75,91.4,87.85,82.91,88.45,85.26,81.98,85.52,86.65,82.7,
classification,4,classification_L4_v1,2,1,78.78,83.3,86.94,72.82,82.82,88.78,74.14,84.26,89.24,77.42,87.48,88.71,87.54,89.79,89.32,80.25,86.28,89.48,81.67,86.21,88.75,85.35,83.48,82.91,74.35,75.85,81.98,67.47,72.75,82.7,
classification,4,classification_L4_v2,2,2,90.28,83.3,86.94,84.81,82.82,88.78,85.62,84.26,89.24,90.33,87.48,88.71,93.31,89.79,89.32,90.72,86.28,89.48,88.04,86.21,88.75,81.19,83.48,82.91,77.58,75.85,81.98,74.21,72.75,82.7,
classification,4,classification_L4_v3,2,3,80.85,83.3,86.94,90.84,82.82,88.78,93.02,84.26,89.24,94.7,87.48,88.71,88.51,89.79,89.32,87.87,86.28,89.48,88.91,86.21,88.75,83.91,83.48,82.91,75.62,75.85,81.98,76.57,72.75,82.7,
classification,4,classification_L4_v1,3,1,87.16,91.2,86.94,83.8,85.74,88.78,85.1,87.01,89.24,89.4,89.03,88.71,92.94,93.68,89.32,95.06,93.87,89.48,88.85,91.34,88.75,75.09,81.57,82.91,64.55,73.27,81.98,82.92,83.43,82.7,
classification,4,classification_L4_v2,3,2,97.19,91.2,86.94,87.18,85.74,88.78,89.54,87.01,89.24,97.29,89.03,88.71,95.64,93.68,89.32,91.61,93.87,89.48,92.65,91.34,88.75,83.67,81.57,82.91,78.37,73.27,81.98,86.29,83.43,82.7,
classification,4,classification_L4_v3,3,3,89.26,91.2,86.94,86.25,85.74,88.78,86.39,87.01,89.24,80.39,89.03,88.71,92.47,93.68,89.32,94.95,93.87,89.48,92.52,91.34,88.75,85.95,81.57,82.91,76.88,73.27,81.98,81.09,83.43,82.7,
classification,4,classification_L4_v1,4,1,90.48,87.12,86.94,95.8,90.41,88.78,93.54,89.91,89.24,92.51,93.03,88.71,97.74,92.7,89.32,94.34,92.54,89.48,95.83,94.41,88.75,90.67,89.86,82.91,89.07,90.35,81.98,88.5,88.93,82.7,
classification,4,classification_L4_v2,4,2,95.38,87.12,86.94,89.68,90.41,88.78,91.74,89.91,89.24,98,93.03,88.71,97.38,92.7,89.32,97.27,92.54,89.48,99.94,94.41,88.75,87.26,89.86,82.91,92.74,90.35,81.98,90.26,88.93,82.7,
classification,4,classification_L4_v3,4,3,75.51,87.12,86.94,85.74,90.41,88.78,84.44,89.91,89.24,88.58,93.03,88.71,82.99,92.7,89.32,86,92.54,89.48,87.45,94.41,88.75,91.66,89.86,82.91,89.25,90.35,81.98,88.02,88.93,82.7,
classification,4,classification_L4_v1,5,1,94.32,90.4,86.94,91.38,90.44,88.78,80.4,86.53,89.24,84.66,83.97,88.71,94.04,91.16,89.32,93.81,93.66,89.48,94.46,94.17,88.75,81.38,77.39,82.91,81.66,83.36,81.98,87.92,84.58,82.7,
classification,4,classification_L4_v2,5,2,89.08,90.4,86.94,89.57,90.44,88.78,89.41,86.53,89.24,86.47,83.97,88.71,87.98,91.16,89.32,91.72,93.66,89.48,94.76,94.17,88.75,78.33,77.39,82.91,86.21,83.36,81.98,85.56,84.58,82.7,
classification,4,classification_L4_v3,5,3,87.81,90.4,86.94,90.38,90.44,88.78,89.78,86.53,89.24,80.79,83.97,88.71,91.47,91.16,89.32,95.45,93.66,89.48,93.28,94.17,88.75,72.46,77.39,82.91,82.21,83.36,81.98,80.27,84.58,82.7,
classification,4,classification_L4_v1,6,1,90.29,85.52,86.94,92.61,90.59,88.78,95.82,90.99,89.24,95.3,90.88,88.71,88.74,88.57,89.32,90.12,87.77,89.48,77.49,86.25,88.75,63.82,77.06,82.91,90.56,88.45,81.98,89.64,87.62,82.7,
classification,4,classification_L4_v2,6,2,76.97,85.52,86.94,83.77,90.59,88.78,85.11,90.99,89.24,83.83,90.88,88.71,83.3,88.57,89.32,84.01,87.77,89.48,86.69,86.25,88.75,76.88,77.06,82.91,83.22,88.45,81.98,85.86,87.62,82.7,
classification,4,classification_L4_v3,6,3,89.31,85.52,86.94,95.39,90.59,88.78,92.03,90.99,89.24,93.5,90.88,88.71,93.66,88.57,89.32,89.18,87.77,89.48,94.57,86.25,88.75,90.47,77.06,82.91,91.58,88.45,81.98,87.37,87.62,82.7,
classification,4,classification_L4_v1,7,1,91.99,91.18,86.94,92.43,91.21,88.78,94.52,92.82,89.24,91.3,91.68,88.71,89.06,90.08,89.32,89.76,90.97,89.48,88.44,87.92,88.75,79.37,83.12,82.91,86.6,87.01,81.98,82.62,83.89,82.7,
classification,4,classification_L4_v2,7,2,93.96,91.18,86.94,89.38,91.21,88.78,90.66,92.82,89.24,92.53,91.68,88.71,94.14,90.08,89.32,93.96,90.97,89.48,91.02,87.92,88.75,86.46,83.12,82.91,86.26,87.01,81.98,87.15,83.89,82.7,
classification,4,classification_L4_v3,7,3,87.58,91.18,86.94,91.83,91.21,88.78,93.27,92.82,89.24,91.21,91.68,88.71,87.03,90.08,89.32,89.18,90.97,89.48,84.29,87.92,88.75,83.54,83.12,82.91,88.18,87.01,81.98,81.89,83.89,82.7,
classification,4,classification_L4_v1,8,1,75.88,77.15,86.94,89.49,84.63,88.78,87.99,86.13,89.24,88.36,86.64,88.71,86.78,85.18,89.32,82.89,83.73,89.48,84.96,82.92,88.75,85.63,81.03,82.91,79.81,79.94,81.98,76.5,78.27,82.7,
classification,4,classification_L4_v2,8,2,68.78,77.15,86.94,78.3,84.63,88.78,83.83,86.13,89.24,82.48,86.64,88.71,79.85,85.18,89.32,75.76,83.73,89.48,76.72,82.92,88.75,84.54,81.03,82.91,78.83,79.94,81.98,77.47,78.27,82.7,
classification,4,classification_L4_v3,8,3,86.8,77.15,86.94,86.1,84.63,88.78,86.57,86.13,89.24,89.08,86.64,88.71,88.92,85.18,89.32,92.54,83.73,89.48,87.09,82.92,88.75,72.92,81.03,82.91,81.17,79.94,81.98,80.83,78.27,82.7,
classification,4,classification_L4_v1,9,1,83.06,89.12,86.94,95.17,91.96,88.78,91.38,92.6,89.24,86.61,86.35,88.71,84.44,83.68,89.32,91.35,91.39,89.48,92.93,90.76,88.75,86.18,86.84,82.91,81.68,78.71,81.98,82.39,82.06,82.7,
classification,4,classification_L4_v2,9,2,87.89,89.12,86.94,88.55,91.96,88.78,92.57,92.6,89.24,83,86.35,88.71,84.96,83.68,89.32,90.6,91.39,89.48,85.44,90.76,88.75,84.87,86.84,82.91,75.31,78.71,81.98,78.82,82.06,82.7,
classification,4,classification_L4_v3,9,3,96.42,89.12,86.94,92.17,91.96,88.78,93.85,92.6,89.24,89.45,86.35,88.71,81.63,83.68,89.32,92.21,91.39,89.48,93.9,90.76,88.75,89.48,86.84,82.91,79.13,78.71,81.98,84.97,82.06,82.7,
classification,4,classification_L4_v1,10,1,72.44,82.13,86.94,90.96,90.8,88.78,92.22,91.81,89.24,87.19,87.9,88.71,84.09,86.34,89.32,76.44,80.17,89.48,79.48,80.98,88.75,82.95,80.92,82.91,82.53,77.63,81.98,75.72,78.84,82.7,
classification,4,classification_L4_v2,10,2,91.7,82.13,86.94,87.29,90.8,88.78,93.86,91.81,89.24,86.92,87.9,88.71,89.62,86.34,89.32,85.98,80.17,89.48,88.06,80.98,88.75,82.12,80.92,82.91,72.98,77.63,81.98,76.29,78.84,82.7,
classification,4,classification_L4_v3,10,3,82.26,82.13,86.94,94.15,90.8,88.78,89.36,91.81,89.24,89.58,87.9,88.71,85.31,86.34,89.32,78.1,80.17,89.48,75.4,80.98,88.75,77.68,80.92,82.91,77.38,77.63,81.98,84.51,78.84,82.7,
classification,5,classification_L5_v1,1,1,83.07,80.46,78.75,79.94,74.13,78.24,81.47,77.13,79.22,75.45,73.2,78.14,83.02,81.22,81.74,78.35,76.82,79.66,81.72,80.36,80.4,77.28,69.14,78.05,83.17,77.02,77.04,78.9,74.2,75.34,
classification,5,classification_L5_v2,1,2,82.32,80.46,78.75,79.89,74.13,78.24,85.57,77.13,79.22,82.92,73.2,78.14,89.63,81.22,81.74,83.63,76.82,79.66,89.54,80.36,80.4,66,69.14,78.05,82.91,77.02,77.04,74.56,74.2,75.34,
classification,5,classification_L5_v3,1,3,75.98,80.46,78.75,62.56,74.13,78.24,64.35,77.13,79.22,61.22,73.2,78.14,71,81.22,81.74,68.47,76.82,79.66,69.81,80.36,80.4,64.14,69.14,78.05,64.98,77.02,77.04,69.14,74.2,75.34,
classification,5,classification_L5_v1,2,1,80.59,73.31,78.75,71.68,79.15,78.24,77.96,79.78,79.22,77.54,78,78.14,85.66,83.46,81.74,80.58,79.82,79.66,86.92,83.18,80.4,88.72,77.51,78.05,76.12,75.27,77.04,70.49,70.48,75.34,
classification,5,classification_L5_v2,2,2,77.49,73.31,78.75,77.18,79.15,78.24,82.92,79.78,79.22,81.68,78,78.14,85.58,83.46,81.74,82.13,79.82,79.66,85.28,83.18,80.4,82.16,77.51,78.05,83.49,75.27,77.04,73.14,70.48,75.34,
classification,5,classification_L5_v3,2,3,61.85,73.31,78.75,88.59,79.15,78.24,78.46,79.78,79.22,74.77,78,78.14,79.13,83.46,81.74,76.74,79.82,79.66,77.33,83.18,80.4,61.64,77.51,78.05,66.19,75.27,77.04,67.8,70.48,75.34,
classification,5,classification_L5_v1,3,1,83.62,77.96,78.75,75.44,81.59,78.24,87.44,87.97,79.22,78.56,82.89,78.14,87.53,86.74,81.74,89.68,83.07,79.66,88.41,84.88,80.4,82.94,75.35,78.05,73.66,67.74,77.04,76.42,75.12,75.34,
classification,5,classification_L5_v2,3,2,78.8,77.96,78.75,88.17,81.59,78.24,89.86,87.97,79.22,89.36,82.89,78.14,84.22,86.74,81.74,77.1,83.07,79.66,76.68,84.88,80.4,67.7,75.35,78.05,57.4,67.74,77.04,66.14,75.12,75.34,
classification,5,classification_L5_v3,3,3,71.47,77.96,78.75,81.17,81.59,78.24,86.6,87.97,79.22,80.75,82.89,78.14,88.47,86.74,81.74,82.42,83.07,79.66,89.55,84.88,80.4,75.41,75.35,78.05,72.15,67.74,77.04,82.81,75.12,75.34,
classification,5,classification_L5_v1,4,1,72.61,69.39,78.75,74.89,67.94,78.24,67.9,62.55,79.22,78.41,69.1,78.14,61.02,73.04,81.74,74.49,76.3,79.66,79.09,79.52,80.4,84.4,79.97,78.05,66.95,74.72,77.04,78.35,70.08,75.34,
classification,5,classification_L5_v2,4,2,71.28,69.39,78.75,67.81,67.94,78.24,69.08,62.55,79.22,74.19,69.1,78.14,81.17,73.04,81.74,78.06,76.3,79.66,77.21,79.52,80.4,81.82,79.97,78.05,79.34,74.72,77.04,60.17,70.08,75.34,
classification,5,classification_L5_v3,4,3,64.28,69.39,78.75,61.13,67.94,78.24,50.66,62.55,79.22,54.69,69.1,78.14,76.94,73.04,81.74,76.36,76.3,79.66,82.26,79.52,80.4,73.7,79.97,78.05,77.86,74.72,77.04,71.72,70.08,75.34,
classification,5,classification_L5_v1,5,1,90.03,85.17,78.75,81.55,79.01,78.24,77.4,80.68,79.22,78.26,80.64,78.14,77.38,77.85,81.74,82.73,84.75,79.66,84.34,82.92,80.4,76.98,76.52,78.05,76.67,76.53,77.04,86.58,83.67,75.34,
classification,5,classification_L5_v2,5,2,80.49,85.17,78.75,82.67,79.01,78.24,84.52,80.68,79.22,82.46,80.64,78.14,75.89,77.85,81.74,85.46,84.75,79.66,78.26,82.92,80.4,73.17,76.52,78.05,74.97,76.53,77.04,81.33,83.67,75.34,
classification,5,classification_L5_v3,5,3,85,85.17,78.75,72.82,79.01,78.24,80.12,80.68,79.22,81.21,80.64,78.14,80.29,77.85,81.74,86.05,84.75,79.66,86.17,82.92,80.4,79.4,76.52,78.05,77.94,76.53,77.04,83.1,83.67,75.34,
classification,5,classification_L5_v1,6,1,81.89,76.21,78.75,78.49,80.26,78.24,78.45,81.48,79.22,80.32,80.13,78.14,80.88,84.29,81.74,75.81,81.3,79.66,83.27,83.84,80.4,72.55,81.62,78.05,68.12,77.53,77.04,78.39,81.13,75.34,
classification,5,classification_L5_v2,6,2,87.07,76.21,78.75,82.83,80.26,78.24,85.36,81.48,79.22,82.96,80.13,78.14,85.85,84.29,81.74,84.64,81.3,79.66,85.26,83.84,80.4,88.56,81.62,78.05,82.69,77.53,77.04,86.52,81.13,75.34,
classification,5,classification_L5_v3,6,3,59.67,76.21,78.75,79.47,80.26,78.24,80.64,81.48,79.22,77.12,80.13,78.14,86.14,84.29,81.74,83.44,81.3,79.66,82.99,83.84,80.4,83.75,81.62,78.05,81.78,77.53,77.04,78.49,81.13,75.34,
classification,5,classification_L5_v1,7,1,81.93,82.3,78.75,84.01,84.89,78.24,91.8,89.29,79.22,89.88,87.52,78.14,88.03,86.82,81.74,84.19,85.26,79.66,80.69,84.72,80.4,84.3,78.44,78.05,81.49,84.7,77.04,76.93,76.72,75.34,
classification,5,classification_L5_v2,7,2,86.57,82.3,78.75,84.87,84.89,78.24,88.03,89.29,79.22,87.91,87.52,78.14,87.18,86.82,81.74,84.18,85.26,79.66,84.88,84.72,80.4,81.62,78.44,78.05,85.58,84.7,77.04,79.77,76.72,75.34,
classification,5,classification_L5_v3,7,3,78.39,82.3,78.75,85.79,84.89,78.24,88.05,89.29,79.22,84.76,87.52,78.14,85.24,86.82,81.74,87.41,85.26,79.66,88.58,84.72,80.4,69.41,78.44,78.05,87.02,84.7,77.04,73.46,76.72,75.34,
classification,5,classification_L5_v1,8,1,84.3,84,78.75,66.59,74.68,78.24,70.57,76.3,79.22,70.48,78.81,78.14,77.36,78.75,81.74,66.62,75.32,79.66,71.33,75.02,80.4,79.13,78,78.05,81.47,78.84,77.04,72.33,70.32,75.34,
classification,5,classification_L5_v2,8,2,84.92,84,78.75,78.39,74.68,78.24,81.16,76.3,79.22,75.32,78.81,78.14,78.43,78.75,81.74,79.42,75.32,79.66,75.87,75.02,80.4,79.74,78,78.05,75.03,78.84,77.04,74.38,70.32,75.34,
classification,5,classification_L5_v3,8,3,82.78,84,78.75,79.07,74.68,78.24,77.17,76.3,79.22,90.64,78.81,78.14,80.46,78.75,81.74,79.92,75.32,79.66,77.85,75.02,80.4,75.12,78,78.05,80.02,78.84,77.04,64.24,70.32,75.34,
classification,5,classification_L5_v1,9,1,80.22,79.94,78.75,82.87,78.99,78.24,75.82,79.1,79.22,75.58,75.57,78.14,80.22,81.36,81.74,81.16,76.92,79.66,78.99,74.71,80.4,83.44,82.35,78.05,78.79,80.27,77.04,78.22,78.84,75.34,
classification,5,classification_L5_v2,9,2,76.41,79.94,78.75,71.39,78.99,78.24,78.83,79.1,79.22,72.41,75.57,78.14,84.5,81.36,81.74,74.26,76.92,79.66,69.93,74.71,80.4,77.67,82.35,78.05,76.85,80.27,77.04,74.55,78.84,75.34,
classification,5,classification_L5_v3,9,3,83.2,79.94,78.75,82.7,78.99,78.24,82.65,79.1,79.22,78.72,75.57,78.14,79.35,81.36,81.74,75.35,76.92,79.66,75.2,74.71,80.4,85.94,82.35,78.05,85.18,80.27,77.04,83.75,78.84,75.34,
classification,5,classification_L5_v1,10,1,66.15,78.78,78.75,83.97,81.75,78.24,82.14,77.9,79.22,78.32,75.58,78.14,88.63,83.87,81.74,80.21,77,79.66,74.91,74.9,80.4,81.13,81.6,78.05,78.68,77.76,77.04,74.35,72.82,75.34,
classification,5,classification_L5_v2,10,2,90.44,78.78,78.75,82.63,81.75,78.24,72.28,77.9,79.22,77.55,75.58,78.14,83.7,83.87,81.74,76.99,77,79.66,73.77,74.9,80.4,80.73,81.6,78.05,68.42,77.76,77.04,71.58,72.82,75.34,
classification,5,classification_L5_v3,10,3,79.75,78.78,78.75,78.66,81.75,78.24,79.27,77.9,79.22,70.87,75.58,78.14,79.29,83.87,81.74,73.79,77,79.66,76.03,74.9,80.4,82.94,81.6,78.05,86.19,77.76,77.04,72.54,72.82,75.34,
